SYMBOL,SERIES,Adjusted 52_Week_High,52_Week_High_Date,Adjusted 52_Week_Low,52_Week_Low_Date
20MICRONS,EQ,108.25,18-Jan-22,28.2,25-Mar-21
21STCENMGM,EQ,64,22-Nov-21,11.7,26-Apr-21
3IINFOLTD,EQ,119.3,16-Dec-21,29.55,22-Oct-21
3MINDIA,EQ,31000,01-Apr-21,19600,07-Mar-22
3PLAND,BE,26.3,13-Jan-22,7.65,31-Mar-21
5PAISA,EQ,580,15-Jul-21,235.65,31-Mar-21
63MOONS,BE,372.6,18-Jan-22,68.9,31-Mar-21
A2ZINFRA,EQ,14.1,13-Jan-22,3.6,19-Apr-21
AAKASH,BE,33.8,04-Feb-22,12.5,10-Mar-21
AAREYDRUGS,EQ,64.35,20-Jan-22,31.15,23-Aug-21
AARON,EQ,151.55,05-Jan-22,45.05,22-Apr-21
AARTIDRUGS,EQ,841.8,14-May-21,437.35,07-Mar-22
AARTIIND,EQ,1168,19-Oct-21,596.28,19-Mar-21
AARTISURF,EQ,1887,06-Aug-21,750,24-Feb-22
AARVEEDEN,EQ,33.4,18-Jan-22,16.75,24-Aug-21
AARVI,EQ,104,21-Jan-22,41.95,15-Apr-21
AAVAS,EQ,3340,02-Feb-22,2106.6,09-Mar-21
ABAN,EQ,74.7,12-Oct-21,28.1,22-Apr-21
ABB,EQ,2468.1,25-Jan-22,1298.55,12-Apr-21
ABBOTINDIA,EQ,23934.45,05-Oct-21,14300,16-Mar-21
ABCAPITAL,EQ,139.7,09-Mar-21,96.35,29-Oct-21
ABFRL,EQ,318.7,18-Jan-22,163.1,19-Apr-21
ABMINTLLTD,EQ,160,08-Oct-21,77.45,24-Sep-21
ABSLAMC,EQ,722.9,11-Oct-21,483.15,08-Mar-22
ABSLBANETF,EQ,415.21,25-Oct-21,32.1,08-Mar-22
ABSLNN50ET,EQ,520,25-Oct-21,34,24-Feb-22
ACC,EQ,2589,15-Nov-21,1692,19-Mar-21
ACCELYA,EQ,1539.7,06-Aug-21,837.15,19-Apr-21
ACCURACY,EQ,258.9,16-Feb-22,47.55,06-Apr-21
ACE,EQ,291.75,14-Sep-21,139.45,10-May-21
ACRYSIL,EQ,927.9,13-Dec-21,304,19-Mar-21
ADANIENT,EQ,1908.5,18-Jan-22,840.2,19-Mar-21
ADANIGREEN,EQ,2125,18-Feb-22,874.8,02-Aug-21
ADANIPORTS,EQ,901,09-Jun-21,638.1,18-Jun-21
ADANIPOWER,EQ,166.9,09-Jun-21,70.35,24-Aug-21
ADANITRANS,EQ,2464.3,04-Mar-22,714,19-Mar-21
ADFFOODS,EQ,1094.7,19-May-21,684.55,08-Mar-22
ADL,BE,60.8,12-Jan-22,25.65,24-Mar-21
ADORWELD,EQ,880.2,16-Jul-21,295.1,19-Mar-21
ADROITINFO,BE,16.55,10-Dec-21,7.15,28-Jul-21
ADSL,EQ,174.5,10-Jan-22,38.8,09-Mar-21
ADVANIHOTR,EQ,109.5,08-Feb-22,48.65,20-Apr-21
ADVENZYMES,EQ,503.7,19-May-21,260,24-Feb-22
AEGISCHEM,EQ,387.9,11-Jun-21,167.25,28-Feb-22
AFFLE,EQ,1511,18-Jan-22,763.02,23-Aug-21
AGARIND,EQ,628.05,08-Feb-22,129.1,19-Mar-21
AGRITECH,EQ,93.05,23-Feb-22,30.05,31-Mar-21
AGROPHOS,EQ,34.3,17-Dec-21,10.45,22-Apr-21
AGSTRA,EQ,181.85,31-Jan-22,95,24-Feb-22
AHLADA,EQ,248,04-Aug-21,87.2,30-Mar-21
AHLEAST,EQ,223,26-Jul-21,140,11-May-21
AHLUCONT,EQ,540.45,15-Nov-21,278.25,12-Apr-21
AIAENG,EQ,2222,07-Jul-21,1475.05,07-Mar-22
AIRAN,EQ,35.95,24-Jun-21,15.05,19-Mar-21
AIROLAM,EQ,90.1,03-Jan-22,52,02-Dec-21
AJANTPHARM,EQ,2435,29-Jul-21,1631.15,07-Mar-22
AJMERA,EQ,495,03-Feb-22,98.4,19-Apr-21
AJOONI,EQ,85.85,09-Feb-22,41.9,07-May-21
AJRINFRA,BE,3.7,19-Jan-22,0.65,07-May-21
AKASH,BE,270.6,06-Jul-21,121.8,09-Mar-22
AKG,EQ,112.7,16-Mar-21,21,24-Aug-21
AKSHARCHEM,EQ,613.7,06-Oct-21,210,19-Apr-21
AKSHOPTFBR,EQ,15.85,07-Feb-22,5.3,01-Apr-21
AKZOINDIA,EQ,2469,06-Apr-21,1809,08-Mar-22
ALANKIT,EQ,27.2,30-Jun-21,12.65,19-Apr-21
ALBERTDAVD,EQ,739,18-Jan-22,374,25-Mar-21
ALEMBICLTD,EQ,143.3,04-May-21,75.75,24-Feb-22
ALICON,EQ,998.75,09-Dec-21,401.65,19-Mar-21
ALKALI,BE,144,20-Jan-22,45.75,25-Mar-21
ALKEM,EQ,4070,24-Sep-21,2540.05,24-Mar-21
ALKYLAMINE,EQ,4749,27-Jul-21,1992.52,09-Mar-21
ALLCARGO,EQ,412,04-Jan-22,120.5,22-Apr-21
ALLSEC,EQ,747.9,17-Jan-22,285.5,19-Mar-21
ALMONDZ,EQ,154.5,25-Oct-21,25,20-Apr-21
ALOKINDS,EQ,35.8,17-Jan-22,18.7,11-May-21
ALPA,EQ,108.8,20-Jan-22,35,19-Mar-21
ALPHAGEO,EQ,511.25,05-Oct-21,174.8,05-Apr-21
ALPSINDUS,BE,5.8,24-Dec-21,1.4,28-Apr-21
AMARAJABAT,EQ,908.8,12-Mar-21,520,24-Feb-22
AMBER,EQ,3924.75,03-Feb-22,2683.6,26-May-21
AMBICAAGAR,EQ,44.4,28-Jan-22,11.95,22-Apr-21
AMBIKCO,EQ,2830,07-Feb-22,846.05,22-Apr-21
AMBUJACEM,EQ,442.5,07-Sep-21,274,08-Mar-22
AMDIND,EQ,58,10-Feb-22,16.4,26-Mar-21
AMIORG,EQ,1434.45,22-Sep-21,766.1,24-Feb-22
AMJLAND,EQ,42.7,24-Sep-21,20.95,05-May-21
AMRUTANJAN,EQ,1024.55,08-Nov-21,439.4,18-Mar-21
ANANDRATHI,EQ,654,04-Jan-22,542.05,24-Feb-22
ANANTRAJ,EQ,86,21-Jan-22,47.3,15-Apr-21
ANDHRACEMT,EQ,37.5,09-Aug-21,5.2,03-May-21
ANDHRAPAP,EQ,283.7,06-Jul-21,203.65,15-Apr-21
ANDHRSUGAR,EQ,171.05,04-Feb-22,57.87,31-Mar-21
ANDREWYU,EQ,29.7,05-Aug-21,20.15,24-Feb-22
ANGELONE,EQ,1689,13-Oct-21,286.35,12-Apr-21
ANIKINDS,EQ,39.45,10-Feb-22,10.6,06-May-21
ANKITMETAL,BE,21.75,12-Jan-22,0.9,29-Apr-21
ANMOL,EQ,246,21-Feb-22,135,28-Oct-21
ANSALAPI,EQ,18.35,17-Feb-22,5.35,07-May-21
ANSALHSG,BE,13.95,15-Dec-21,4.45,19-Apr-21
ANTGRAPHIC,BE,3.35,01-Feb-22,0.4,24-May-21
ANUP,EQ,1236.95,17-Jan-22,548,19-Mar-21
ANURAS,EQ,1107.55,02-Feb-22,474,31-Mar-21
APARINDS,EQ,868.1,27-Jan-22,437.05,25-Mar-21
APCL,EQ,531.95,20-Jul-21,197,19-Mar-21
APCOTEXIND,EQ,457.7,08-Oct-21,168.7,23-Mar-21
APEX,EQ,434.85,06-Jul-21,199.95,30-Mar-21
APLAPOLLO,EQ,1114.55,16-Dec-21,525.05,16-Mar-21
APLLTD,EQ,1038,19-Apr-21,678.3,22-Feb-22
APOLLO,BE,190.9,03-Jan-22,86.5,12-Apr-21
APOLLOHOSP,EQ,5935.4,26-Nov-21,2787.5,25-Mar-21
APOLLOPIPE,EQ,2000,18-Oct-21,402.55,24-Feb-22
APOLLOTYRE,EQ,250,18-Oct-21,165.25,07-Mar-22
APOLSINHOT,EQ,1069.7,17-Nov-21,505,19-Mar-21
APTECHT,EQ,448,12-Jan-22,184,31-Mar-21
APTUS,EQ,394.9,03-Feb-22,278.6,27-Sep-21
ARCHIDPLY,EQ,61.45,11-Jan-22,27.3,27-Apr-21
ARCHIES,EQ,29.25,20-Jul-21,9.35,23-Apr-21
ARENTERP,BE,76.95,16-Dec-21,10.55,05-Apr-21
ARIES,EQ,193.9,15-Jul-21,75.65,31-Mar-21
ARIHANTCAP,EQ,419.85,09-Mar-22,111.25,18-Jun-21
ARIHANTSUP,EQ,204.5,09-Dec-21,32.55,22-Mar-21
ARMANFIN,EQ,1105,12-Oct-21,513.9,20-May-21
AROGRANITE,EQ,87.4,18-Jan-22,36.3,19-Apr-21
ARROWGREEN,EQ,183,18-Jun-21,63.5,23-Apr-21
ARSHIYA,BE,47.3,09-Feb-22,25.15,22-Apr-21
ARSSINFRA,BE,52.1,07-Jan-22,18.55,31-Mar-21
ARTEMISMED,EQ,412.8,22-Sep-21,32.05,20-Oct-21
ARTNIRMAN,BE,195.9,14-Dec-21,30.05,20-Oct-21
ARVEE,EQ,215.95,14-May-21,43.55,22-Mar-21
ARVIND,EQ,158.75,28-Jan-22,59,22-Apr-21
ARVINDFASN,EQ,364.4,06-Oct-21,123,19-Apr-21
ARVSMART,EQ,257.85,13-Jan-22,90.25,30-Mar-21
ASAHIINDIA,EQ,612.9,03-Feb-22,284,30-Mar-21
ASAHISONG,EQ,447,04-Aug-21,230.35,24-Feb-22
ASAL,BE,925.45,11-Jan-22,30.25,30-Mar-21
ASALCBR,EQ,653.65,13-Oct-21,362,09-Mar-21
ASHAPURMIN,EQ,176.8,11-May-21,88.4,30-Nov-21
ASHIANA,EQ,209.9,23-Sep-21,108.85,17-May-21
ASHIMASYN,EQ,23.4,11-Jan-22,13.2,24-Feb-22
ASHOKA,EQ,125,13-Oct-21,78.4,06-May-21
ASHOKLEY,EQ,153.5,16-Nov-21,93.2,08-Mar-22
ASIANENE,EQ,173,17-Jan-22,108.3,24-Feb-22
ASIANHOTNR,EQ,104.8,07-Jun-21,58,30-Mar-21
ASIANPAINT,EQ,3590,10-Jan-22,2343.05,15-Mar-21
ASIANTILES,EQ,176.3,06-Oct-21,96,24-Feb-22
ASPINWALL,EQ,268.3,26-Jul-21,135,20-Dec-21
ASTEC,EQ,1844,02-Feb-22,996,31-Mar-21
ASTERDM,EQ,237,14-Sep-21,132.55,26-Mar-21
ASTRAL,EQ,2630,12-Mar-21,1411.2,13-Apr-21
ASTRAMICRO,EQ,290,16-Nov-21,110.35,19-Apr-21
ASTRAZEN,EQ,4579.85,23-Apr-21,2529.7,24-Feb-22
ASTRON,EQ,74.5,14-Jul-21,36.7,24-Feb-22
ATFL,EQ,1144,20-Jul-21,748.4,25-Mar-21
ATGL,EQ,1987.1,16-Dec-21,671,19-Mar-21
ATLANTA,BE,29.55,21-Jan-22,6.45,31-Mar-21
ATUL,EQ,10969,11-Oct-21,6452.2,19-Mar-21
ATULAUTO,EQ,268.25,02-Nov-21,146.5,22-Feb-22
AUBANK,EQ,1421,03-Feb-22,910,05-May-21
AURIONPRO,EQ,390.75,18-Jan-22,81.65,09-Mar-21
AUROPHARMA,EQ,1063.9,11-May-21,584.25,07-Mar-22
AURUM,EQ,223.2,29-Nov-21,63.2,31-Mar-21
AUSOMENT,EQ,118,16-Jul-21,43.7,19-Mar-21
AUTOAXLES,EQ,1647.45,03-Jan-22,941,23-Apr-21
AUTOIND,BE,79.5,24-Jan-22,32.95,09-Mar-21
AVADHSUGAR,EQ,684,04-Feb-22,156.05,05-Apr-21
AVANTIFEED,EQ,674.85,06-Jul-21,410,31-Mar-21
AVTNPL,EQ,109.8,09-Feb-22,41.5,19-Apr-21
AWHCL,EQ,455,15-Sep-21,241,31-Mar-21
AWL,EQ,419.9,11-Feb-22,227,08-Feb-22
AXISBANK,EQ,866.9,25-Oct-21,626.65,12-Apr-21
AXISBNKETF,EQ,449.4,27-Oct-21,304.5,19-Apr-21
AXISBPSETF,EQ,10.69,09-Nov-21,9.06,11-Nov-21
AXISCADES,BE,131.15,20-Jan-22,39.5,31-Mar-21
AXISCETF,EQ,81,23-Sep-21,60,29-Oct-21
AXISGOLD,EQ,47.3,09-Mar-22,36.1,22-Jul-21
AXISHCETF,EQ,105,31-Aug-21,77.25,08-Mar-22
AXISNIFTY,EQ,212.22,25-Oct-21,147.04,22-Apr-21
AXISTECETF,EQ,437.1,19-Jan-22,250.95,03-May-21
AYMSYNTEX,EQ,158.35,18-Jan-22,41.4,20-Apr-21
BAFNAPH,EQ,196.1,23-Mar-21,113.3,21-Dec-21
BAGFILMS,BE,6.85,24-Feb-22,1.9,13-Apr-21
BAJAJ-AUTO,EQ,4347,01-Jun-21,3027.05,20-Dec-21
BAJAJCON,EQ,324,19-Apr-21,152.1,25-Feb-22
BAJAJELEC,EQ,1588.95,17-Sep-21,895,19-Mar-21
BAJAJFINSV,EQ,19325,19-Oct-21,8960.05,25-Mar-21
BAJAJHCARE,EQ,496.3,18-Jan-22,290.9,29-Nov-21
BAJAJHIND,EQ,24.65,06-Jul-21,6.1,12-Apr-21
BAJAJHLDNG,EQ,5660.4,13-Dec-21,3141,30-Mar-21
BAJFINANCE,EQ,8050,18-Oct-21,4362,19-Apr-21
BALAJITELE,EQ,89,10-Feb-22,50.25,20-Apr-21
BALAMINES,EQ,5223.55,15-Sep-21,1555,19-Mar-21
BALAXI,EQ,747,27-May-21,341.65,24-Feb-22
BALKRISHNA,BE,58.1,08-Feb-22,17.1,02-Jul-21
BALKRISIND,EQ,2723.8,23-Sep-21,1530.05,19-Mar-21
BALLARPUR,BZ,2.7,03-Jan-22,1,18-Nov-21
BALMLAWRIE,EQ,169.75,09-Mar-21,112,24-Feb-22
BALPHARMA,EQ,148.85,20-Jan-22,51.6,19-Mar-21
BALRAMCHIN,EQ,459.85,20-Jan-22,190.15,19-Mar-21
BANARBEADS,EQ,113.65,11-Feb-22,43.95,25-Mar-21
BANARISUG,EQ,3048.7,17-Jan-22,1505,30-Mar-21
BANCOINDIA,EQ,225.1,02-Sep-21,133.15,07-Mar-22
BANDHANBNK,EQ,371,24-Mar-21,229.55,27-Dec-21
BANG,EQ,53.8,14-Jul-21,24.2,19-Apr-21
BANKA,BE,102.15,03-Sep-21,55.6,30-Mar-21
BANKBARODA,EQ,118.8,09-Feb-22,61.75,22-Apr-21
BANKBEES,EQ,434.88,25-Oct-21,306.68,19-Apr-21
BANKINDIA,EQ,87,07-Jun-21,43.15,24-Feb-22
BANSWRAS,EQ,319,20-Jan-22,86.25,19-Apr-21
BARBEQUE,EQ,1945.95,09-Nov-21,481.85,07-Apr-21
BARTRONICS,BZ,10.95,05-Jan-22,2.05,23-Apr-21
BASF,EQ,3930,11-Aug-21,1922.25,12-Apr-21
BASML,EQ,100.6,17-Jan-22,37.35,15-Mar-21
BATAINDIA,EQ,2262,16-Nov-21,1263.6,19-Apr-21
BAYERCROP,EQ,6130,13-Aug-21,4218.05,24-Feb-22
BBETF0432,EQ,1008,22-Feb-22,994.99,04-Feb-22
BBL,EQ,2169.95,01-Feb-22,1065,19-Apr-21
BBOX,EQ,1070,04-Jan-22,750.3,08-Mar-22
BBTC,EQ,1424.95,15-Jun-21,859.55,07-Mar-22
BCG,EQ,204.8,24-Dec-21,5.8,05-May-21
BCLIND,BE,512,01-Feb-22,98,05-Apr-21
BCONCEPTS,EQ,82.15,24-Jan-22,53.25,13-Jan-22
BCP,BE,8.9,12-Jan-22,2.85,30-Mar-21
BDL,EQ,536.3,03-Feb-22,321.1,19-Apr-21
BEARDSELL,EQ,23.45,10-Feb-22,7.48,13-Apr-21
BECTORFOOD,EQ,464.1,23-Jul-21,290,24-Feb-22
BEDMUTHA,EQ,93.95,07-Feb-22,19.95,31-Mar-21
BEL,EQ,228,12-Nov-21,115.85,25-Mar-21
BEML,EQ,2085,07-Dec-21,1119,23-Apr-21
BEPL,EQ,222.5,13-Oct-21,122.25,07-Mar-22
BERGEPAINT,EQ,872.95,22-Jul-21,620.45,08-Mar-22
BESTAGRO,EQ,1407.8,02-Nov-21,202.35,19-May-21
BFINVEST,EQ,445,19-Jul-21,255.8,24-Feb-22
BFUTILITIE,EQ,539,19-Jul-21,227.1,23-Apr-21
BGRENERGY,EQ,124.2,10-Jan-22,41,09-Apr-21
BHAGCHEM,EQ,1130,07-Feb-22,719.15,21-Oct-21
BHAGERIA,EQ,329,06-Oct-21,136.3,12-Apr-21
BHAGYANGR,EQ,65,13-Aug-21,38.45,11-Aug-21
BHAGYAPROP,EQ,38.75,29-Dec-21,25.5,05-May-21
BHANDARI,BE,14.7,12-Jan-22,2,19-Apr-21
BHARATFORG,EQ,847.95,10-Nov-21,555.75,19-Apr-21
BHARATGEAR,EQ,190.2,02-Nov-21,68.16,19-Apr-21
BHARATRAS,EQ,15131.7,30-Jun-21,9255,26-Mar-21
BHARATWIRE,EQ,87,07-Feb-22,33.15,26-Mar-21
BHARTIARTL,EQ,781.8,24-Nov-21,494.6,25-Mar-21
BHEL,EQ,80.35,13-Oct-21,43,19-Apr-21
BIGBLOC,EQ,90.8,04-Feb-22,15.62,05-May-21
BIL,EQ,384,29-Dec-21,145,19-Mar-21
BINDALAGRO,EQ,36.4,30-Dec-21,15.8,25-Mar-21
BIOCON,EQ,424.4,09-Apr-21,314.8,25-Oct-21
BIOFILCHEM,EQ,107,12-Jan-22,54.45,22-Nov-21
BIRLACABLE,EQ,154.8,28-Feb-22,54,19-Apr-21
BIRLACORPN,EQ,1650,09-Nov-21,751.65,19-Mar-21
BIRLAMONEY,EQ,88.8,15-Jul-21,39.2,20-Apr-21
BIRLATYRE,EQ,31.95,29-Jun-21,20,24-Feb-22
BKMINDST,BZ,4.7,20-Jan-22,0.8,01-Apr-21
BLBLIMITED,BE,31.95,12-Jan-22,5.35,20-Apr-21
BLISSGVS,EQ,173.9,09-Mar-21,67.5,28-Feb-22
BLKASHYAP,EQ,33,08-Oct-21,13.5,22-Apr-21
BLS,EQ,309,17-Sep-21,83,19-Apr-21
BLUECOAST,BE,7.3,06-Dec-21,4.55,05-Jul-21
BLUEDART,EQ,7500,13-Jan-22,4825,25-Mar-21
BLUESTARCO,EQ,1134,17-Feb-22,758,30-Aug-21
BODALCHEM,EQ,149.95,05-Oct-21,86,25-Mar-21
BOMDYEING,EQ,129.8,07-Feb-22,64.15,22-Apr-21
BOROLTD,BE,498.7,17-Dec-21,158,19-Mar-21
BORORENEW,EQ,747.9,17-Dec-21,213.25,19-Apr-21
BOSCHLTD,EQ,19250,10-Nov-21,13225,05-May-21
BPCL,EQ,503,14-Sep-21,331.1,24-Feb-22
BPL,EQ,176.65,12-Oct-21,21.2,08-Apr-21
BRFL,EQ,13.4,23-Jun-21,5.6,01-Dec-21
BRIGADE,EQ,540,02-Feb-22,233.05,23-Apr-21
BRITANNIA,EQ,4153,14-Sep-21,3050,08-Mar-22
BRNL,BE,59.45,04-Feb-22,25.75,19-Apr-21
BROOKS,EQ,154.4,16-Sep-21,49.8,25-Mar-21
BSE,EQ,2373.7,15-Dec-21,535.5,25-Mar-21
BSHSL,EQ,484,08-Feb-22,128.15,23-Mar-21
BSL,EQ,135.55,16-Dec-21,31,01-Apr-21
BSLGOLDETF,EQ,4729.1,25-Oct-21,42.7,30-Nov-21
BSLNIFTY,EQ,214.2,14-Oct-21,17.5,09-Mar-22
BSLSENETFG,EQ,664.99,06-Oct-21,43.65,09-Mar-22
BSOFT,EQ,585.85,10-Jan-22,215.9,21-May-21
BURNPUR,BE,8.5,11-Feb-22,2,23-Jul-21
BUTTERFLY,EQ,1419.5,23-Feb-22,476.05,05-Apr-21
BVCL,BE,31.55,10-Aug-21,15.75,20-Apr-21
BYKE,EQ,43.45,08-Oct-21,16.4,12-Apr-21
CALSOFT,EQ,52.5,30-Dec-21,7.4,07-May-21
CAMLINFINE,EQ,230.8,19-Jul-21,116.1,29-Dec-21
CAMS,EQ,4067.4,01-Sep-21,1741.5,26-Mar-21
CANBK,EQ,272.8,03-Feb-22,124.3,19-Apr-21
CANDC,BZ,8.85,13-Jan-22,2.65,02-Sep-21
CANFINHOME,EQ,722,18-Oct-21,489.2,19-Apr-21
CANTABIL,EQ,950,07-Feb-22,355,27-Aug-21
CAPACITE,EQ,252,02-Aug-21,113.6,25-Feb-22
CAPLIPOINT,EQ,1034.8,27-Jul-21,401,31-Mar-21
CAPTRUST,EQ,149,17-Jan-22,71.05,19-Apr-21
CARBORUNIV,EQ,1035,03-Jan-22,438.95,25-Mar-21
CAREERP,EQ,184.5,29-Jul-21,102.25,24-Feb-22
CARERATING,EQ,791,02-Jul-21,407.2,31-Mar-21
CARTRADE,EQ,1618,20-Aug-21,460,24-Feb-22
CASTROLIND,EQ,154.9,07-Jun-21,104.5,24-Feb-22
CCCL,BE,4.25,11-Feb-22,0.25,12-May-21
CCHHL,BE,10.6,17-Dec-21,3.25,26-Apr-21
CCL,EQ,514.95,02-Feb-22,226.35,05-Apr-21
CDSL,EQ,1734.4,15-Dec-21,565.5,15-Mar-21
CEATLTD,EQ,1632.8,12-Mar-21,936.05,24-Feb-22
CEBBCO,EQ,59.35,18-Jan-22,14.55,30-Mar-21
CELEBRITY,BE,22.15,11-Jan-22,5.1,22-Apr-21
CENTENKA,EQ,637,07-Feb-22,227.3,25-Mar-21
CENTEXT,EQ,15.55,04-Jan-22,3.8,26-Mar-21
CENTRALBK,EQ,29.65,30-Jun-21,15.8,22-Apr-21
CENTRUM,EQ,58.5,21-Jun-21,21.95,23-Apr-21
CENTUM,EQ,659.9,05-Jan-22,356.55,27-Apr-21
CENTURYPLY,EQ,712.9,17-Nov-21,283.65,19-Mar-21
CENTURYTEX,EQ,1024,12-Jan-22,432.8,23-Apr-21
CERA,EQ,6450,19-Oct-21,3601,25-Mar-21
CEREBRAINT,EQ,96.25,11-Jan-22,47.9,25-Mar-21
CESC,EQ,102.45,19-Oct-21,5.77,22-Apr-21
CGCL,EQ,629.5,02-Feb-22,338.4,19-Mar-21
CGPOWER,EQ,208.9,05-Jan-22,54.7,19-Mar-21
CHALET,EQ,302,21-Feb-22,122.65,19-Apr-21
CHAMBLFERT,EQ,484.95,20-Jan-22,207,19-Mar-21
CHEMBOND,EQ,287.3,07-Oct-21,165.8,24-Feb-22
CHEMCON,EQ,569.4,03-Aug-21,261,04-Mar-22
CHEMFAB,EQ,239,03-Feb-22,120.85,19-Mar-21
CHEMPLASTS,EQ,826,11-Oct-21,444.25,24-Feb-22
CHENNPETRO,EQ,151.8,30-Jun-21,93,13-Apr-21
CHOLAFIN,EQ,703.9,23-Feb-22,469.25,20-Dec-21
CHOLAHLDNG,EQ,762.3,12-Oct-21,541.55,19-Apr-21
CIGNITITEC,EQ,678,02-Jul-21,310.25,19-Mar-21
CINELINE,EQ,131.7,19-Oct-21,28.45,22-Apr-21
CINEVISTA,EQ,24.25,29-Nov-21,5.55,24-Mar-21
CIPLA,EQ,1005,29-Sep-21,738.1,19-Mar-21
CLEAN,EQ,2705,05-Jan-22,1422.1,26-Aug-21
CLEDUCATE,EQ,137.95,21-Feb-22,33.18,09-Mar-21
CLNINDIA,EQ,643,06-Oct-21,364.8,19-Mar-21
CLSEL,EQ,155,13-Jul-21,83.1,24-Feb-22
CMICABLES,BE,70.5,09-Aug-21,34.9,08-Dec-21
CMSINFO,EQ,317.45,17-Jan-22,215.1,31-Dec-21
COALINDIA,EQ,203.8,06-Oct-21,123.4,19-Apr-21
COASTCORP,EQ,564.5,18-Jan-22,237.75,29-Nov-21
COCHINSHIP,EQ,433.9,16-Jun-21,280.75,08-Mar-22
COFFEEDAY,EQ,86.8,21-Jan-22,20.2,24-May-21
COFORGE,EQ,6135,04-Jan-22,2495.1,09-Mar-21
COLPAL,EQ,1823.4,26-Jul-21,1375.6,25-Jan-22
COMPINFO,EQ,47.15,07-Jan-22,14.4,15-Apr-21
COMPUSOFT,BE,41.25,12-Jan-22,7.85,30-Mar-21
CONCOR,EQ,754.4,13-Sep-21,527.9,18-Mar-21
CONFIPET,EQ,95.4,22-Oct-21,37.1,19-Mar-21
CONSOFINVT,EQ,242,15-Feb-22,47.25,25-Mar-21
CONTROLPR,EQ,445,20-Jan-22,226.05,09-Mar-21
CORALFINAC,EQ,58.75,15-Jul-21,19.7,12-Apr-21
CORDSCABLE,EQ,83.55,25-Jun-21,38.35,19-Apr-21
COROMANDEL,EQ,956,25-Jun-21,709.35,20-Dec-21
COSMOFILMS,EQ,1889,21-Jan-22,563,19-Mar-21
COUNCODOS,BE,8.55,13-Jan-22,1.85,19-Mar-21
CPSEETF,EQ,35.1,10-Jan-22,21.1,13-Apr-21
CRAFTSMAN,EQ,2778,01-Nov-21,1245,22-Apr-21
CREATIVE,EQ,743.95,20-Jan-22,83.9,20-May-21
CREDITACC,EQ,808.4,15-Jun-21,494.7,01-Dec-21
CREST,BE,198.8,23-Feb-22,72.15,19-Apr-21
CRISIL,EQ,3498,17-Nov-21,1741,06-Apr-21
CROMPTON,EQ,512.8,16-Sep-21,350.35,23-Apr-21
CROWN,EQ,38.65,10-Feb-22,21.7,28-Feb-22
CSBBANK,EQ,374,05-Jul-21,201,07-Mar-22
CTE,BE,117.4,21-Jan-22,24.65,22-Apr-21
CUB,EQ,183.95,26-Oct-21,109,07-Mar-22
CUBEXTUB,EQ,39,12-Jan-22,16.6,13-Apr-21
CUMMINSIND,EQ,1064.45,07-Sep-21,747,27-May-21
CUPID,EQ,272.35,19-Jul-21,191.25,24-Feb-22
CYBERMEDIA,BE,40.15,09-Mar-22,8.45,31-Mar-21
CYBERTECH,EQ,245.35,17-Jan-22,113.1,25-Mar-21
CYIENT,EQ,1292,19-Oct-21,621.25,30-Mar-21
DAAWAT,EQ,90.5,24-May-21,54,19-Mar-21
DABUR,EQ,658.95,24-Sep-21,502,07-Mar-22
DALBHARAT,EQ,2548.4,14-Sep-21,1278.15,08-Mar-22
DALMIASUG,EQ,516.55,02-Aug-21,155.5,19-Mar-21
DAMODARIND,EQ,78.6,08-Feb-22,21.1,26-Mar-21
DANGEE,EQ,256,28-Feb-22,128,19-Mar-21
DATAMATICS,EQ,382.4,12-Oct-21,108.5,19-Apr-21
DATAPATTNS,EQ,864,24-Dec-21,575,24-Feb-22
DBCORP,EQ,125,09-Jun-21,75.6,23-Apr-21
DBL,EQ,749.8,13-Oct-21,238.05,24-Feb-22
DBREALTY,BE,134.05,14-Feb-22,16.75,28-Apr-21
DBSTOCKBRO,BE,49.2,12-Jan-22,7.5,27-Apr-21
DCAL,EQ,259.7,07-Oct-21,102.5,25-Mar-21
DCBBANK,EQ,117.6,10-Mar-21,67.85,24-Feb-22
DCM,EQ,146,12-Jan-22,23,31-Mar-21
DCMNVL,EQ,386.1,14-Jan-22,76.8,22-Apr-21
DCMSHRIRAM,EQ,1250,19-Oct-21,481.4,26-Mar-21
DCMSRIND,EQ,116.75,04-Feb-22,81,24-Feb-22
DCW,EQ,65.9,06-Oct-21,24.8,19-Mar-21
DECCANCE,EQ,846.75,04-Aug-21,377.55,19-Mar-21
DEEPAKFERT,EQ,659.9,07-Feb-22,203.15,09-Mar-21
DEEPAKNTR,EQ,3020,19-Oct-21,1428.25,19-Mar-21
DEEPENR,EQ,62.7,14-Jul-21,30.5,22-Apr-21
DEEPINDS,EQ,225.6,10-Feb-22,33.8,27-Apr-21
DELPHIFX,EQ,818,07-Sep-21,420,24-Feb-22
DELTACORP,EQ,308.5,10-Nov-21,142.2,19-Apr-21
DELTAMAGNT,EQ,111.65,12-Jan-22,25.85,22-Apr-21
DEN,EQ,65.3,11-Jun-21,35,24-Feb-22
DENORA,BE,538.8,09-Dec-21,239.05,19-Apr-21
DEVIT,EQ,140.3,15-Feb-22,102.5,25-Feb-22
DEVYANI,EQ,198.9,14-Dec-21,107.55,23-Aug-21
DFMFOODS,EQ,453.8,11-Jun-21,227.1,08-Mar-22
DHAMPURSUG,EQ,434.5,08-Mar-22,172.35,05-Apr-21
DHANBANK,EQ,20.2,08-Jul-21,11.8,24-Feb-22
DHANI,EQ,318.3,09-Mar-21,67.05,24-Feb-22
DHANUKA,EQ,1053.9,06-Jul-21,658,31-Mar-21
DHARAMSI,EQ,413.75,18-Feb-22,294.55,20-Dec-21
DHARSUGAR,BE,35.75,06-Jul-21,5.9,15-Apr-21
DHRUV,EQ,84.35,26-Nov-21,46.4,09-Mar-22
DHUNINV,EQ,844.8,12-Jan-22,255.8,19-Mar-21
DIAMONDYD,EQ,909,21-Dec-21,522.05,03-May-21
DICIND,EQ,549.9,04-Aug-21,340.2,24-Feb-22
DIGISPICE,EQ,84.65,09-Mar-21,30.05,07-Mar-22
DIGJAMLMTD,EQ,362.3,12-Jan-22,16.45,18-Oct-21
DISHTV,EQ,23.35,15-Sep-21,8.7,22-Apr-21
DIVISLAB,EQ,5425.1,18-Oct-21,3153.3,19-Mar-21
DIXON,EQ,21499,15-Mar-21,3345.15,25-Mar-21
DLF,EQ,449.7,18-Oct-21,231.85,22-Apr-21
DLINKINDIA,EQ,194.7,03-Jan-22,97.65,22-Apr-21
DMART,EQ,5900,18-Oct-21,2676.4,23-Apr-21
DNAMEDIA,BE,4.45,25-Jun-21,0.65,20-Apr-21
DODLA,EQ,674.8,11-Nov-21,407.6,24-Feb-22
DOLATALGO,EQ,127.9,26-Jul-21,55.1,15-Mar-21
DOLLAR,EQ,665,20-Jan-22,226.5,05-Apr-21
DONEAR,EQ,76.7,18-Jan-22,27.3,20-Apr-21
DPABHUSHAN,EQ,477.8,29-Dec-21,105.1,22-Apr-21
DPSCLTD,EQ,31.15,03-Dec-21,11.55,31-Mar-21
DPWIRES,EQ,385.8,01-Feb-22,101.3,19-Mar-21
DREDGECORP,EQ,476,22-Jun-21,295,24-Feb-22
DRREDDY,EQ,5614.6,07-Jul-21,3654,04-Mar-22
DSPN50ETF,EQ,184,18-Jan-22,156.5,08-Mar-22
DSPNEWETF,EQ,209.85,19-Jan-22,158.9,05-Jan-22
DSPQ50ETF,EQ,186,18-Jan-22,154,07-Mar-22
DSSL,EQ,263.9,31-Jan-22,64.1,09-Mar-21
DTIL,EQ,399.97,18-Jun-21,163.33,13-Apr-21
DUCON,BE,31.3,12-Jan-22,5.45,17-Mar-21
DVL,EQ,350,03-Aug-21,87,19-Mar-21
DWARKESH,EQ,124.5,09-Mar-22,30,19-Mar-21
DYNAMATECH,EQ,3380,13-Sep-21,804.75,25-Mar-21
DYNPRO,EQ,769.8,05-Oct-21,438.6,22-Apr-21
EASEMYTRIP,EQ,717.65,17-Sep-21,161,22-Apr-21
EASTSILK,BE,14.3,12-Jan-22,1.45,31-Mar-21
EASUNREYRL,BZ,4.65,20-Dec-21,1.95,09-Mar-22
EBANK,EQ,4398,20-Oct-21,3242.33,29-Apr-21
EBBETF0423,EQ,1183.1,20-Jan-22,1083.37,24-May-21
EBBETF0425,EQ,1170,27-Sep-21,1005,23-Jul-21
EBBETF0430,EQ,1247.9,03-Nov-21,1064.16,10-Mar-21
EBBETF0431,EQ,1143.1,24-Aug-21,994.01,19-Mar-21
ECLERX,EQ,2970,13-Jan-22,940.15,19-Mar-21
EDELWEISS,EQ,100.9,14-Jul-21,50.4,07-Mar-22
EDUCOMP,BZ,8.45,13-Jan-22,2.3,23-Apr-21
EICHERMOT,EQ,2994,27-Sep-21,2159.55,08-Mar-22
EIDPARRY,EQ,532.9,18-Jan-22,302.5,05-Apr-21
EIFFL,EQ,153.95,03-Jan-22,92,07-Mar-22
EIHAHOTELS,EQ,450,12-Oct-21,205.35,19-Apr-21
EIHOTEL,EQ,155,10-Nov-21,82,19-Apr-21
EIMCOELECO,EQ,541.8,05-Jul-21,295.5,24-Feb-22
EKC,EQ,291.8,11-Jan-22,66.8,15-Apr-21
ELECON,EQ,219,26-Nov-21,53.8,19-Mar-21
ELECTCAST,EQ,48,19-Jan-22,23.2,26-Mar-21
ELECTHERM,EQ,198.8,23-Jun-21,98.1,20-Apr-21
ELGIEQUIP,EQ,422.3,08-Feb-22,175.05,25-Mar-21
ELGIRUBCO,EQ,49.8,14-Jan-22,24.55,19-Apr-21
EMAMILTD,EQ,621.8,24-Aug-21,445.25,07-Mar-22
EMAMIPAP,EQ,214.8,08-Jul-21,91.2,09-Mar-21
EMAMIREAL,BE,106,27-Dec-21,39.5,01-Apr-21
EMKAY,EQ,155,28-Jan-22,60,19-Apr-21
EMMBI,EQ,131.85,13-Jan-22,72.15,19-Mar-21
ENDURANCE,EQ,1989,08-Nov-21,1083.05,07-Mar-22
ENERGYDEV,BE,42.3,04-Jan-22,8.2,03-May-21
ENGINERSIN,EQ,89.5,07-Jun-21,58,24-Feb-22
ENIL,EQ,226.95,02-Aug-21,140,15-Apr-21
EPL,EQ,291.95,23-Jun-21,149,07-Mar-22
EQUIPPP,EQ,142.3,13-Dec-21,65.6,23-Feb-22
EQUITAS,EQ,145,13-Oct-21,75.1,22-Apr-21
EQUITASBNK,EQ,76.8,12-Jul-21,46.7,07-Mar-22
ERIS,EQ,863,19-Oct-21,569.45,12-Mar-21
EROSMEDIA,EQ,36.85,27-May-21,16.45,24-Aug-21
ESABINDIA,EQ,3615,05-Jan-22,1760,03-May-21
ESCORTS,EQ,1918.9,31-Dec-21,1100,03-May-21
ESSARSHPNG,BE,16.15,04-Jan-22,7.15,20-Apr-21
ESTER,EQ,164.75,05-Aug-21,105.2,19-Mar-21
EVEREADY,EQ,413.45,06-Oct-21,245,19-Mar-21
EVERESTIND,EQ,774.9,18-Feb-22,275.5,19-Apr-21
EXCEL,BE,13.3,12-Jan-22,1.8,29-Apr-21
EXCELINDUS,EQ,1695,08-Mar-22,775.7,12-Apr-21
EXIDEIND,EQ,207.5,09-Mar-21,139.3,07-Mar-22
EXPLEOSOL,EQ,1874,05-Jan-22,483.75,19-Mar-21
EXXARO,EQ,172.7,18-Oct-21,98.45,15-Feb-22
FACT,EQ,159.9,18-Jan-22,97.55,24-Feb-22
FAIRCHEMOR,EQ,2274.8,07-Oct-21,620,18-Mar-21
FCL,EQ,180.4,16-Feb-22,56.6,19-Mar-21
FCONSUMER,EQ,11.95,16-Jun-21,5.85,19-Apr-21
FCSSOFT,BE,8.3,18-Jan-22,0.6,28-Apr-21
FDC,EQ,404.9,15-Jun-21,254.95,08-Mar-22
FEDERALBNK,EQ,107.65,25-Oct-21,70.2,22-Apr-21
FEL,EQ,14,16-Jun-21,7.75,24-Feb-22
FELDVR,EQ,25.55,09-Mar-22,9.9,31-Mar-21
FIBERWEB,EQ,52.45,16-Feb-22,40.4,24-Feb-22
FIEMIND,EQ,1377.6,17-Jan-22,535,19-Apr-21
FILATEX,EQ,142.8,17-Jan-22,61.5,10-Mar-21
FINCABLES,EQ,608.6,22-Nov-21,350,19-Apr-21
FINEORG,EQ,4488.85,02-Mar-22,2127.15,19-Mar-21
FINOPB,EQ,582.95,12-Nov-21,210.05,28-Feb-22
FINPIPE,EQ,244.5,25-Oct-21,120.3,25-Mar-21
FLEXITUFF,BE,44.25,21-Jan-22,13.95,07-Oct-21
FLFL,EQ,89.6,16-Jun-21,46.1,22-Feb-22
FLUOROCHEM,BE,3198.9,04-Feb-22,555,19-Mar-21
FMGOETZE,EQ,358.95,28-Jun-21,202.35,21-Dec-21
FMNL,EQ,20.75,24-Jun-21,7.7,24-Aug-21
FOCUS,BE,129.95,18-Feb-22,71.25,06-Dec-21
FOODSIN,EQ,125,20-Jan-22,79,20-Dec-21
FORCEMOT,EQ,1740,16-Nov-21,970.1,08-Mar-22
FORTIS,EQ,313.45,04-Jan-22,176.1,10-Mar-21
FOSECOIND,EQ,1788.9,28-Jun-21,1132.05,31-Mar-21
FRETAIL,EQ,76.25,16-Jun-21,40.55,01-Apr-21
FSC,EQ,122,16-Jun-21,56.05,24-Feb-22
FSL,EQ,242.85,19-Jul-21,101.2,09-Mar-21
GABRIEL,EQ,168.15,13-Oct-21,96.2,05-Apr-21
GAEL,EQ,227,28-Jan-22,122.05,05-Apr-21
GAIL,EQ,171.3,06-Oct-21,125.2,20-Dec-21
GAL,BE,8.25,12-Jan-22,1.9,08-Apr-21
GALAXYSURF,EQ,3585.65,15-Sep-21,2252.65,19-Mar-21
GALLANTT,EQ,88,29-Jul-21,42.8,01-Apr-21
GALLISPAT,EQ,70,02-Aug-21,34.25,31-Mar-21
GANDHITUBE,EQ,558.85,04-Aug-21,254.55,19-Mar-21
GANECOS,EQ,742,04-Feb-22,454.95,20-Dec-21
GANESHBE,EQ,114.95,15-Dec-21,76.1,30-Nov-21
GANESHHOUC,EQ,242.95,25-Nov-21,49.1,17-Mar-21
GANGAFORGE,EQ,25,08-Feb-22,9.7,12-Jul-21
GANGESSECU,EQ,119.15,23-Feb-22,51.3,06-Apr-21
GARFIBRES,EQ,4030,18-Oct-21,2283.1,18-Mar-21
GATI,EQ,221.9,18-Jan-22,93.15,19-Apr-21
GAYAHWS,BE,1.25,27-Dec-21,0.5,20-Apr-21
GAYAPROJ,EQ,60.7,15-Sep-21,19.9,24-Feb-22
GEECEE,EQ,211,18-Feb-22,93.7,19-Mar-21
GEEKAYWIRE,EQ,112.9,27-Jul-21,57.55,24-Feb-22
GENCON,EQ,58.5,15-Jul-21,31.1,24-Feb-22
GENESYS,EQ,594.8,08-Mar-22,84.1,23-Apr-21
GENUSPAPER,EQ,16.5,11-Feb-22,6.55,13-Apr-21
GENUSPOWER,EQ,94.15,19-Oct-21,42.85,19-Apr-21
GEOJITFSL,EQ,102.7,16-Jul-21,43.55,19-Apr-21
GEPIL,EQ,372,22-Jun-21,145.5,07-Mar-22
GESHIP,EQ,445,03-Jun-21,262.8,12-Apr-21
GET&D,EQ,153.8,17-Jun-21,81.45,28-Feb-22
GFLLIMITED,EQ,118,24-Mar-21,59,07-Mar-22
GHCL,EQ,488.4,03-Feb-22,215.05,13-Apr-21
GICHSGFIN,EQ,202.55,05-Aug-21,104.2,22-Apr-21
GICRE,EQ,244.2,17-Mar-21,109.1,24-Feb-22
GILLANDERS,EQ,74.1,07-Feb-22,36.55,22-Apr-21
GILLETTE,EQ,6275,09-Sep-21,4750,22-Feb-22
GINNIFILA,EQ,63.7,17-Jan-22,18.6,19-Apr-21
GIPCL,EQ,105.7,26-Jul-21,68.4,24-Feb-22
GKWLIMITED,EQ,922.4,05-Oct-21,460.1,24-May-21
GLAND,EQ,4350,12-Aug-21,2365,25-Mar-21
GLAXO,EQ,1918.75,13-Dec-21,1376,25-Mar-21
GLENMARK,EQ,690.95,19-Jul-21,414.1,07-Mar-22
GLFL,BE,5,09-Dec-21,1.95,03-May-21
GLOBAL,EQ,96.4,28-Jan-22,35.5,01-Apr-21
GLOBALVECT,BE,88.9,28-Dec-21,36.85,19-Apr-21
GLOBE,EQ,19.2,15-Dec-21,2.84,14-May-21
GLOBUSSPR,EQ,1759.5,14-Jan-22,293.85,19-Mar-21
GLS,EQ,799,06-Aug-21,430,24-Feb-22
GMBREW,EQ,923,13-Oct-21,365.6,19-Mar-21
GMDCLTD,EQ,174.25,08-Mar-22,51.8,22-Apr-21
GMMPFAUDLR,EQ,5435,24-May-21,3935.5,19-Apr-21
GMRINFRA,EQ,49.15,05-Jan-22,22.5,30-Apr-21
GNA,EQ,1111.55,14-Oct-21,339,31-Mar-21
GNFC,EQ,625,09-Mar-22,278.7,25-Mar-21
GOACARBON,EQ,483.85,05-Aug-21,266,25-Mar-21
GOCLCORP,EQ,387,12-Oct-21,195,10-May-21
GOCOLORS,EQ,1339.9,30-Nov-21,847.3,08-Mar-22
GODFRYPHLP,EQ,1408.75,28-Oct-21,841.5,19-Apr-21
GODHA,BE,182.15,09-Mar-22,32.35,09-Sep-21
GODREJAGRO,EQ,746.8,04-Aug-21,457.55,28-Feb-22
GODREJCP,EQ,1138,15-Sep-21,646.15,19-Mar-21
GODREJIND,EQ,662,12-Jan-22,465,07-Mar-22
GODREJPROP,EQ,2598,14-Oct-21,1200,06-May-21
GOENKA,BZ,4.4,03-Feb-22,1,27-Aug-21
GOKEX,EQ,428.05,03-Feb-22,75.15,19-Apr-21
GOKUL,EQ,47.8,20-Dec-21,16.35,19-Apr-21
GOKULAGRO,BE,84,11-Jan-22,18.9,26-Mar-21
GOLDBEES,EQ,48.8,21-Feb-22,35.8,22-Oct-21
GOLDENTOBC,EQ,190.8,07-Oct-21,35.5,13-Apr-21
GOLDIAM,EQ,1149,28-Oct-21,298.25,19-Mar-21
GOLDSHARE,EQ,46.95,09-Mar-22,36.3,22-Jul-21
GOLDSHINAV,EQ,-1,-,-1,-
GOLDTECH,BE,119.75,10-Dec-21,8.25,01-Apr-21
GOODLUCK,BE,400,07-Jan-22,61.45,19-Mar-21
GOODYEAR,EQ,1331.85,16-Jul-21,783,20-Dec-21
GPIL,EQ,462,29-Jul-21,131.28,09-Mar-21
GPPL,EQ,124.3,15-Jun-21,78.6,07-Mar-22
GPTINFRA,EQ,107.85,16-Jul-21,34.65,24-Mar-21
GRANULES,EQ,404.8,04-Aug-21,265.2,24-Feb-22
GRAPHITE,EQ,815.9,25-May-21,396,27-Dec-21
GRASIM,EQ,1929.8,18-Jan-22,1262,23-Apr-21
GRAUWEIL,EQ,70.9,06-Oct-21,43.3,24-Feb-22
GRAVITA,EQ,398,09-Feb-22,81,19-Apr-21
GREAVESCOT,EQ,258.9,21-Jan-22,116.95,19-Mar-21
GREENLAM,EQ,1997.4,14-Dec-21,293.8,24-Feb-22
GREENPANEL,EQ,538.5,27-Jan-22,150.35,25-Mar-21
GREENPLY,EQ,254.7,08-Nov-21,157,19-Mar-21
GREENPOWER,BE,28.45,12-Jan-22,1.8,20-Apr-21
GRINDWELL,EQ,2018.35,17-Jan-22,814.8,19-Mar-21
GRINFRA,EQ,2267.65,25-Oct-21,1249.2,07-Mar-22
GROBTEA,EQ,1444.8,08-Oct-21,761.35,23-Apr-21
GRPLTD,EQ,1597,25-Feb-22,775.6,09-Apr-21
GRSE,EQ,279.8,15-Nov-21,170.1,10-May-21
GRWRHITECH,EQ,889,03-Feb-22,606.05,22-Feb-22
GSCLCEMENT,EQ,62.55,09-Aug-21,28.65,19-Apr-21
GSFC,EQ,150.75,06-Oct-21,80.05,25-Mar-21
GSPL,EQ,379.2,20-Aug-21,220.25,19-Apr-21
GSS,BE,152.75,17-Jan-22,48,25-Mar-21
GTL,EQ,31.65,06-Jul-21,4.8,16-Apr-21
GTLINFRA,EQ,4.05,28-Jul-21,0.65,11-May-21
GTPL,EQ,313.9,07-Oct-21,109.95,26-Mar-21
GUFICBIO,EQ,270,17-Jan-22,99,25-Mar-21
GUJALKALI,EQ,846,18-Oct-21,328.45,17-Mar-21
GUJAPOLLO,EQ,277.05,25-Jun-21,196.35,25-Mar-21
GUJGASLTD,EQ,786,04-Aug-21,486,07-Mar-22
GUJRAFFIA,BE,84.95,06-Jul-21,29,27-Aug-21
GULFOILLUB,EQ,785.15,17-Mar-21,416.85,24-Feb-22
GULFPETRO,EQ,77.55,07-Jun-21,34.8,12-Apr-21
GULPOLY,BE,425,19-Jan-22,89,25-Mar-21
HAL,EQ,1566,18-Oct-21,929,19-Apr-21
HAPPSTMNDS,EQ,1580,16-Jul-21,510,19-Mar-21
HARRMALAYA,EQ,249.75,28-Jul-21,129.05,07-Mar-22
HATHWAY,EQ,34.8,09-Mar-21,16.8,24-Feb-22
HATSUN,EQ,1525.95,15-Sep-21,712.5,26-Mar-21
HAVELLS,EQ,1504.45,18-Oct-21,958,21-Jun-21
HAVISHA,BE,4.6,21-Jan-22,0.65,19-Apr-21
HBANKETF,EQ,419.95,26-Oct-21,300,22-Apr-21
HBLPOWER,EQ,83.65,02-Feb-22,29.85,22-Apr-21
HBSL,EQ,75.05,04-Jan-22,15.65,03-May-21
HCC,EQ,20.05,14-Feb-22,7.25,22-Apr-21
HCG,EQ,282.4,08-Nov-21,161.3,19-Apr-21
HCL-INSYS,EQ,31.3,18-Jan-22,7.95,22-Apr-21
HCLTECH,EQ,1377.75,24-Sep-21,891,03-May-21
HDFC,EQ,3021.1,15-Nov-21,2046,08-Mar-22
HDFCAMC,EQ,3365,09-Sep-21,1987.85,07-Mar-22
HDFCBANK,EQ,1725,18-Oct-21,1292,08-Mar-22
HDFCLIFE,EQ,775.65,02-Sep-21,497.05,08-Mar-22
HDFCMFGETF,EQ,48.1,09-Mar-22,36.6,22-Mar-21
HDFCNIFETF,EQ,230,22-Oct-21,149,21-May-21
HDFCSENETF,EQ,704.92,16-Aug-21,501.51,26-Apr-21
HDIL,BZ,7.1,12-Jan-22,4.05,02-Mar-22
HEALTHY,EQ,10.41,04-Nov-21,7,07-Mar-22
HECPROJECT,EQ,45,08-Feb-22,28.15,02-Mar-22
HEG,EQ,2629,05-Oct-21,1032,24-Feb-22
HEIDELBERG,EQ,284.95,31-May-21,178.45,08-Mar-22
HEMIPROP,EQ,170.4,16-Mar-21,99.05,24-Feb-22
HERANBA,EQ,866.85,13-Aug-21,551.1,08-Mar-22
HERCULES,EQ,179.55,19-Jul-21,107.8,14-May-21
HERITGFOOD,EQ,565,28-Oct-21,287.45,24-Feb-22
HEROMOTOCO,EQ,3490,09-Mar-21,2146.85,08-Mar-22
HESTERBIO,EQ,3134,18-May-21,1662,09-Mar-21
HEXATRADEX,EQ,234.05,26-Aug-21,62.5,18-Mar-21
HFCL,EQ,101.35,17-Jan-22,23,12-Apr-21
HGINFRA,EQ,830,27-Oct-21,252,12-Apr-21
HGS,EQ,3920,04-Jan-22,1105,08-Mar-22
HIKAL,EQ,742,17-Aug-21,143,31-Mar-21
HIL,EQ,6758.05,02-Aug-21,2790,19-Mar-21
HILTON,EQ,33.3,09-Feb-22,8.85,01-Apr-21
HIMATSEIDE,EQ,306.3,07-Oct-21,133.1,19-Apr-21
HINDALCO,EQ,623,07-Mar-22,305.4,25-Mar-21
HINDCOMPOS,EQ,375,10-Feb-22,234,26-Apr-21
HINDCON,EQ,86.95,30-Dec-21,41.75,05-Jul-21
HINDCOPPER,EQ,196.75,11-May-21,105,24-Feb-22
HINDMOTORS,EQ,18.15,19-Oct-21,6.05,31-Mar-21
HINDNATGLS,EQ,53.2,21-Jun-21,11,09-Mar-22
HINDOILEXP,EQ,245.7,18-Jan-22,86.4,19-Apr-21
HINDPETRO,EQ,354.8,15-Nov-21,222.8,12-Apr-21
HINDUNILVR,EQ,2859.3,21-Sep-21,1901.55,08-Mar-22
HINDZINC,EQ,408.6,18-Oct-21,257,30-Mar-21
HIRECT,BE,288,04-Jan-22,116.95,28-Apr-21
HISARMETAL,EQ,165,23-Jul-21,91.2,24-Feb-22
HITECH,EQ,760,29-Jul-21,334.9,10-May-21
HITECHCORP,EQ,332,07-Jan-22,113.15,19-Mar-21
HITECHGEAR,EQ,365.95,30-Jul-21,143.5,19-Apr-21
HLEGLAS,EQ,7550,18-Oct-21,2165.75,26-Apr-21
HLVLTD,EQ,13.1,13-Oct-21,5.05,19-Apr-21
HMT,BZ,39.95,19-Jul-21,25.25,03-May-21
HMVL,EQ,106.7,26-May-21,56,19-Apr-21
HNDFDS,EQ,2517.05,10-Mar-21,1622.65,07-Mar-22
HNGSNGBEES,EQ,398,09-Apr-21,277.05,08-Mar-22
HOMEFIRST,EQ,921.3,08-Dec-21,440,12-Apr-21
HONAUT,EQ,49990,15-Mar-21,38025.1,07-Mar-22
HONDAPOWER,EQ,1517.7,31-Jan-22,915,26-Apr-21
HOTELRUGBY,BE,5.5,10-Jan-22,0.95,10-May-21
HOVS,EQ,90.7,27-Jul-21,38.8,09-Mar-21
HPAL,EQ,505,10-Jan-22,315,27-Dec-21
HPL,EQ,91.4,13-Jul-21,41.2,10-Mar-21
HSCL,EQ,69.1,07-Feb-22,40.5,19-Mar-21
HSIL,EQ,352.4,03-Feb-22,142.5,19-Apr-21
HTMEDIA,EQ,39.2,14-Feb-22,19.55,22-Apr-21
HUBTOWN,BE,75.35,07-Feb-22,14.45,20-Apr-21
HUDCO,EQ,58.25,22-Jun-21,30.6,24-Feb-22
HUHTAMAKI,EQ,328,04-Aug-21,150.8,22-Feb-22
IBMFNIFTY,EQ,200,11-Nov-21,140,19-Apr-21
IBREALEST,EQ,195.9,09-Nov-21,72.5,19-Apr-21
IBULHSGFIN,EQ,313.7,16-Jun-21,130.2,08-Mar-22
ICDSLTD,BE,161.2,14-Sep-21,17.25,06-Jul-21
ICEMAKE,EQ,95.45,09-Jul-21,57.3,22-Nov-21
ICICI500,EQ,29.95,28-Oct-21,19.52,15-Apr-21
ICICI5GSEC,EQ,-1,-,-1,-
ICICIALPLV,EQ,197.6,10-Jan-22,131.7,03-May-21
ICICIAUTO,EQ,124.4,18-Jan-22,92.9,08-Mar-22
ICICIB22,EQ,52.2,10-Jan-22,31.2,23-Apr-21
ICICIBANK,EQ,867,25-Oct-21,531.15,12-Apr-21
ICICIBANKN,EQ,449.7,02-Nov-21,285,13-Apr-21
ICICIBANKP,EQ,227.7,27-Oct-21,160.4,19-Apr-21
ICICICONSU,EQ,82.25,10-Feb-22,57.01,01-Dec-21
ICICIFMCG,EQ,437,11-Aug-21,338,08-Mar-22
ICICIGI,EQ,1675,22-Sep-21,1192,07-Mar-22
ICICIGOLD,EQ,49.2,29-Apr-21,37.05,31-Mar-21
ICICILIQ,EQ,1040,20-May-21,971.5,25-Oct-21
ICICILOVOL,EQ,156,19-Oct-21,109.7,30-Mar-21
ICICIM150,EQ,132.7,17-Jan-22,86.5,19-Mar-21
ICICIMCAP,EQ,115,09-Nov-21,77.1,18-May-21
ICICINF100,EQ,208,04-Nov-21,143.4,24-May-21
ICICINIFTY,EQ,231.3,18-Oct-21,140.8,05-May-21
ICICINV20,EQ,109.1,10-Jan-22,69.3,18-May-21
ICICINXT50,EQ,50.97,29-Dec-21,31.3,12-Apr-21
ICICIPHARM,EQ,105,14-Jan-22,71.99,08-Feb-22
ICICIPRULI,EQ,724.3,08-Sep-21,418.5,19-Mar-21
ICICISENSX,EQ,700,19-Oct-21,493.6,17-Mar-21
ICICISILVE,EQ,79.5,09-Mar-22,62.91,01-Feb-22
ICICITECH,EQ,419.7,04-Jan-22,237.2,25-Mar-21
ICIL,EQ,315,11-Oct-21,113,19-Mar-21
ICRA,EQ,4150,29-Jul-21,2713.85,12-Mar-21
IDBI,EQ,65.25,18-Oct-21,33.3,12-Apr-21
IDBIGOLD,EQ,5364.05,11-Jun-21,4090,10-Mar-21
IDEA,EQ,16.8,13-Dec-21,4.55,05-Aug-21
IDFC,EQ,68.3,01-Feb-22,41.65,23-Aug-21
IDFCFIRSTB,EQ,68.35,09-Mar-21,37.6,24-Feb-22
IDFNIFTYET,EQ,223,28-Sep-21,147.47,30-Mar-21
IEX,EQ,318.67,19-Oct-21,99.68,09-Mar-21
IFBAGRO,EQ,867,20-Jan-22,367.7,25-Mar-21
IFBIND,EQ,1365.85,27-Oct-21,800,07-Mar-22
IFCI,EQ,18.85,13-Dec-21,10.3,22-Apr-21
IFGLEXPOR,EQ,439,09-Aug-21,245.5,24-Feb-22
IGARASHI,EQ,613.95,14-Oct-21,263,30-Mar-21
IGL,EQ,602.05,14-Sep-21,321,07-Mar-22
IGPL,EQ,1018.6,06-Oct-21,401.2,25-Mar-21
IIFL,EQ,374.9,03-Nov-21,237.05,18-Jun-21
IIFLSEC,EQ,128.5,22-Jul-21,46,26-Apr-21
IIFLWAM,EQ,1785.4,21-Oct-21,1061.5,22-Apr-21
IITL,EQ,93.4,06-Jan-22,49.3,30-Mar-21
IL&FSENGG,BZ,21.9,08-Feb-22,2.85,31-Mar-21
IL&FSTRANS,BZ,7.15,13-Jan-22,2,31-Mar-21
IMAGICAA,EQ,16.8,09-Feb-22,5,22-Apr-21
IMFA,EQ,498.5,02-Aug-21,205,27-May-21
IMPAL,EQ,920,28-Jul-21,611.05,19-Apr-21
INCREDIBLE,BE,44,30-Jun-21,17.7,31-Mar-21
INDBANK,EQ,37.4,16-Jul-21,11.8,19-Mar-21
INDHOTEL,EQ,230.49,14-Oct-21,91.02,22-Apr-21
INDIACEM,EQ,259.95,14-Jan-22,154.75,24-Aug-21
INDIAGLYCO,EQ,1060,17-Jan-22,396.05,12-Apr-21
INDIAMART,EQ,9710.7,18-Oct-21,3960,08-Mar-22
INDIANB,EQ,194.95,26-Oct-21,96.05,19-Apr-21
INDIANCARD,BE,317.8,12-Jan-22,117.35,27-Apr-21
INDIANHUME,EQ,252.8,03-Aug-21,165.9,19-Apr-21
INDIGO,EQ,2380,16-Nov-21,1503,20-Apr-21
INDIGOPNTS,EQ,2740,16-Jun-21,1438.15,08-Mar-22
INDLMETER,BE,27.15,22-Dec-21,10.8,27-Aug-21
INDNIPPON,EQ,640.8,20-Jan-22,326.45,23-Aug-21
INDOCO,EQ,530.25,12-Aug-21,274.2,24-Mar-21
INDORAMA,EQ,90.8,18-Jan-22,33.8,22-Apr-21
INDOSOLAR,BZ,7.8,04-Jan-22,1.7,29-Apr-21
INDOSTAR,EQ,416.7,11-Jun-21,201.35,24-Feb-22
INDOTECH,EQ,296,24-Jan-22,80.2,12-Apr-21
INDOTHAI,BE,496.2,11-Jan-22,42.15,22-Mar-21
INDOWIND,BE,44.25,04-Jan-22,3.25,30-Apr-21
INDRAMEDCO,EQ,102.5,09-Jun-21,52.75,15-Mar-21
INDSWFTLAB,EQ,127.45,20-Jul-21,55.15,26-Oct-21
INDSWFTLTD,BE,18.5,12-Jan-22,3.55,12-Mar-21
INDTERRAIN,EQ,74.25,10-Jan-22,26.55,06-May-21
INDUSINDBK,EQ,1242,28-Oct-21,811,19-Apr-21
INDUSTOWER,EQ,332.8,28-Sep-21,194.1,05-Aug-21
INEOSSTYRO,EQ,1881,18-Oct-21,922,25-Mar-21
INFIBEAM,EQ,113.7,12-Mar-21,36.5,24-Feb-22
INFOBEAN,EQ,714.85,09-Mar-22,135.3,22-Mar-21
INFOMEDIA,BE,6.35,03-Jan-22,2.9,01-Apr-21
INFRABEES,EQ,590.2,14-Oct-21,393.4,15-Apr-21
INFY,EQ,1953.9,17-Jan-22,1311.3,14-May-21
INGERRAND,EQ,1503,28-Jan-22,667.05,26-Mar-21
INOXLEISUR,EQ,466,08-Nov-21,244,19-Apr-21
INOXWIND,EQ,154.45,06-Dec-21,63,13-Apr-21
INSECTICID,EQ,847,04-Aug-21,405.1,19-Mar-21
INTELLECT,EQ,892,26-Jul-21,463.1,09-Mar-21
INTENTECH,EQ,120.25,30-Jul-21,31.05,06-Apr-21
INTLCONV,EQ,102.45,11-Jan-22,57.85,01-Nov-21
INVENTURE,EQ,6.75,18-Jan-22,2.35,03-Nov-21
IOB,EQ,29,30-Jun-21,12.8,28-Apr-21
IOC,EQ,141.5,09-Nov-21,86.75,12-Apr-21
IOLCP,EQ,725,04-Jun-21,292.8,08-Mar-22
IONEXCHANG,EQ,1923.8,23-Feb-22,1485.6,24-Feb-22
IPCALAB,EQ,1383.1,15-Sep-21,900.15,19-Mar-21
IPL,EQ,368,05-Jul-21,260,24-Feb-22
IRB,EQ,345.85,25-Oct-21,100.6,12-Apr-21
IRCON,EQ,54,20-May-21,39.1,24-Feb-22
IRCTC,EQ,1279.26,19-Oct-21,310,19-Apr-21
IRFC,EQ,26.45,29-Jun-21,20.8,13-Apr-21
IRIS,EQ,165.5,09-Nov-21,93.05,07-Mar-22
IRISDOREME,EQ,239,04-Nov-21,81.65,12-Apr-21
ISEC,EQ,896.05,13-Oct-21,376.9,31-Mar-21
ISFT,EQ,258.8,12-Jan-22,62.2,10-Mar-21
ISGEC,EQ,878.35,05-Jul-21,503,24-Feb-22
ISMTLTD,BE,74.6,28-Dec-21,9.6,22-Apr-21
ITC,EQ,265.3,18-Oct-21,199.1,04-May-21
ITDC,EQ,464.5,17-Jun-21,299.5,16-Apr-21
ITDCEM,EQ,97.45,14-Jul-21,59.5,07-Mar-22
ITI,EQ,143.8,16-Jul-21,90,24-Feb-22
IVC,BE,11.25,16-Dec-21,3.7,26-Mar-21
IVP,EQ,201.7,18-Feb-22,91.55,31-Mar-21
IVZINGINAV,EQ,-1,-,-1,-
IVZINGOLD,EQ,5579.9,07-Mar-22,3400.25,29-Sep-21
IVZINNIFTY,EQ,2319,20-Jan-22,1521.3,12-Apr-21
IWEL,EQ,986.5,03-Nov-21,189.6,11-Jun-21
IZMO,EQ,149.2,02-Aug-21,47.45,26-Mar-21
J&KBANK,EQ,48.3,08-Nov-21,22.5,23-Apr-21
JAGRAN,EQ,82,10-Feb-22,52.3,03-May-21
JAGSNPHARM,EQ,267,23-Feb-22,75.25,13-Apr-21
JAIBALAJI,EQ,71.05,02-Aug-21,31,12-Mar-21
JAICORPLTD,EQ,172.95,19-Jul-21,80.15,20-Apr-21
JAINSTUDIO,BZ,3.75,12-Jan-22,1.6,05-May-21
JAIPURKURT,EQ,110.35,28-Dec-21,45.15,01-Nov-21
JAMNAAUTO,EQ,125,17-Jan-22,60.85,19-Apr-21
JASH,EQ,628,29-Jun-21,267.05,19-Mar-21
JAYAGROGN,EQ,323.8,04-Aug-21,128.25,13-Apr-21
JAYBARMARU,EQ,268.95,08-Jun-21,98.58,20-Apr-21
JAYNECOIND,EQ,32.7,31-Jan-22,9.65,25-Mar-21
JAYSREETEA,EQ,144.95,28-Jul-21,64.95,19-Apr-21
JBCHEPHARM,EQ,1985,28-Sep-21,1108.1,19-Mar-21
JBFIND,BE,50.3,06-Jul-21,9.65,17-Mar-21
JBMA,EQ,674.8,24-Jan-22,134.7,19-Apr-21
JCHAC,EQ,2858.45,09-Mar-21,1666.8,24-Feb-22
JETAIRWAYS,BZ,133.1,30-Jun-21,65.1,20-Jul-21
JETFREIGHT,EQ,94.3,24-Jan-22,44.4,31-Dec-21
JHS,EQ,33.4,12-Jan-22,18.6,04-May-21
JINDALPHOT,EQ,484.85,29-Nov-21,40.05,10-Mar-21
JINDALPOLY,EQ,1335,10-Feb-22,693.65,09-Mar-21
JINDALSAW,EQ,147.6,29-Jul-21,70.15,25-Mar-21
JINDALSTEL,EQ,501.7,10-May-21,296.7,19-Mar-21
JINDRILL,EQ,221.45,07-Feb-22,84.65,19-Apr-21
JINDWORLD,EQ,357,09-Feb-22,44,23-Apr-21
JISLDVREQS,EQ,30.45,18-Oct-21,10.85,22-Apr-21
JISLJALEQS,EQ,53.5,18-Oct-21,16,20-Apr-21
JITFINFRA,BE,337.25,18-Oct-21,7.25,30-Mar-21
JKCEMENT,EQ,3838,08-Nov-21,2139.05,09-Mar-22
JKIL,EQ,232,26-Jul-21,148.9,29-Oct-21
JKLAKSHMI,EQ,816,29-Jul-21,377.6,19-Mar-21
JKPAPER,EQ,284.9,09-Aug-21,125.2,22-Apr-21
JKTYRE,EQ,171.7,19-Oct-21,98,07-Mar-22
JMA,EQ,93.8,13-Jan-22,29.3,17-Mar-21
JMCPROJECT,EQ,130,30-Jul-21,71.4,25-Mar-21
JMFINANCIL,EQ,117.7,16-Jul-21,60.15,07-Mar-22
JOCIL,EQ,319.8,27-Jul-21,139,31-Mar-21
JPASSOCIAT,EQ,15.65,17-Jun-21,6.4,19-Apr-21
JPINFRATEC,EQ,4.85,13-Jan-22,1.4,06-May-21
JPOLYINVST,EQ,460.3,24-Jan-22,30.6,15-Mar-21
JPPOWER,EQ,11.15,12-Jan-22,2.45,19-Mar-21
JSL,EQ,224.4,08-Feb-22,60.45,19-Mar-21
JSLHISAR,EQ,431.95,07-Feb-22,109.05,19-Mar-21
JSWENERGY,BE,408,14-Oct-21,80.2,19-Mar-21
JSWHL,EQ,6000,03-Jun-21,3400,19-Mar-21
JSWISPL,EQ,67.55,12-May-21,22.4,19-Mar-21
JSWSTEEL,EQ,776.5,06-Aug-21,396.8,09-Mar-21
JTEKTINDIA,EQ,132.9,03-Aug-21,70.05,08-Mar-22
JTLINFRA,EQ,271,04-Feb-22,200.2,24-Feb-22
JUBLFOOD,EQ,4590,18-Oct-21,2475,07-Mar-22
JUBLINDS,EQ,797.3,31-Dec-21,178,31-Mar-21
JUBLINGREA,EQ,838.75,18-Oct-21,241.3,30-Mar-21
JUBLPHARMA,EQ,925,27-May-21,391.55,28-Feb-22
JUNIORBEES,EQ,532.75,20-Oct-21,316.05,28-Apr-21
JUSTDIAL,EQ,1138,14-Jul-21,644.55,30-Nov-21
JYOTHYLAB,EQ,187.3,06-Jul-21,130.15,24-Feb-22
JYOTISTRUC,BZ,25.85,04-Feb-22,3.8,17-Mar-21
KABRAEXTRU,EQ,564.45,20-Jan-22,145.05,09-Mar-21
KAJARIACER,EQ,1374.9,10-Jan-22,851.05,19-Apr-21
KAKATCEM,EQ,319.9,11-Jun-21,161.2,30-Mar-21
KALPATPOWR,EQ,496,03-Aug-21,336.95,19-Apr-21
KALYANI,BE,119.3,02-Mar-22,119.3,02-Mar-22
KALYANIFRG,BE,239.65,09-Jun-21,162.35,23-Apr-21
KALYANKJIL,EQ,89.75,09-Jun-21,55.65,24-Feb-22
KAMATHOTEL,EQ,75.45,12-Oct-21,27.5,19-Apr-21
KAMDHENU,EQ,268.3,18-Oct-21,130.1,25-Mar-21
KANANIIND,BE,23.5,07-Mar-22,3.8,06-Apr-21
KANORICHEM,EQ,221.55,22-Sep-21,81.1,26-Mar-21
KANPRPLA,EQ,204.67,28-Jul-21,86.97,20-Apr-21
KANSAINER,EQ,675,06-Oct-21,421.7,07-Mar-22
KAPSTON,BE,185.35,12-Jan-22,79.45,19-Oct-21
KARMAENG,BE,42.35,04-Jan-22,12.3,04-May-21
KARURVYSYA,EQ,64.55,12-Mar-21,38.4,23-Aug-21
KAUSHALYA,BE,7.25,01-Feb-22,1.25,11-May-21
KAVVERITEL,BE,18.25,24-Jan-22,1.7,05-Jul-21
KAYA,EQ,575.2,18-Oct-21,232.95,20-Apr-21
KBCGLOBAL,EQ,218.3,11-Aug-21,10.5,07-Mar-22
KCP,EQ,169,03-Aug-21,76.1,19-Mar-21
KCPSUGIND,EQ,32.5,07-Jan-22,14.6,12-Apr-21
KDDL,EQ,1191,03-Feb-22,249.95,05-Apr-21
KEC,EQ,550,26-Oct-21,367.8,06-May-21
KECL,EQ,30.6,11-Jan-22,12,19-Apr-21
KEERTI,EQ,29.9,27-Apr-21,16.1,23-Nov-21
KEI,EQ,1265,06-Dec-21,474.7,19-Apr-21
KELLTONTEC,EQ,135,21-Jan-22,39.3,24-Aug-21
KENNAMET,EQ,2241,08-Mar-22,1010,30-Mar-21
KERNEX,BE,149.8,12-Jan-22,33.9,09-Mar-21
KESORAMIND,EQ,90.95,04-Aug-21,47.75,08-Mar-22
KEYFINSERV,EQ,160.65,18-Feb-22,51.35,30-Mar-21
KHADIM,EQ,358,01-Jul-21,124,19-Apr-21
KHAICHEM,EQ,129.85,28-Jan-22,20.5,25-Mar-21
KHAITANLTD,BE,55.85,24-Jan-22,13.6,03-May-21
KHANDSE,BE,33.65,21-Jan-22,12.35,20-Apr-21
KICL,EQ,2430,09-Aug-21,1385,19-Apr-21
KILITCH,BE,275.1,04-Jan-22,79.05,15-Mar-21
KIMS,EQ,1565,04-Jan-22,937.55,01-Jul-21
KINGFA,EQ,1625,31-Dec-21,555.25,19-Apr-21
KIOCL,EQ,319,11-Oct-21,134.25,30-Mar-21
KIRIINDUS,EQ,679,21-Jun-21,405.95,22-Apr-21
KIRLFER,EQ,314,30-Jul-21,147.75,19-Mar-21
KIRLOSBROS,EQ,499.2,19-Jul-21,185,09-Mar-21
KIRLOSENG,EQ,277.7,23-Jul-21,122.55,07-Mar-22
KIRLOSIND,EQ,1973.85,02-Jun-21,1198.05,26-Apr-21
KITEX,EQ,284.25,28-Jan-22,91.15,12-Apr-21
KKCL,EQ,1447.6,14-Dec-21,186.25,22-Feb-22
KMSUGAR,EQ,39.05,06-Jul-21,11.15,19-Mar-21
KNRCON,EQ,343.9,01-Sep-21,188,27-Apr-21
KOKUYOCMLN,EQ,79.9,05-Jul-21,52,19-Apr-21
KOLTEPATIL,EQ,360,23-Sep-21,206.2,03-May-21
KOPRAN,EQ,370.45,29-Dec-21,99.5,17-Mar-21
KOTAKALPHA,EQ,41,04-Jan-22,30,24-Feb-22
KOTAKBANK,EQ,2253,27-Oct-21,1626,30-Jul-21
KOTAKBKETF,EQ,429.7,25-Oct-21,298.9,17-Sep-21
KOTAKGOLD,EQ,47.29,09-Mar-22,38.5,31-Mar-21
KOTAKIT,EQ,46,30-Dec-21,24,19-Jul-21
KOTAKMID50,EQ,88,08-Feb-22,71.65,07-Mar-22
KOTAKNIFTY,EQ,204.9,08-Dec-21,147.12,13-Apr-21
KOTAKNV20,EQ,104.98,17-Jan-22,73.2,30-Apr-21
KOTAKPSUBK,EQ,305.9,07-Feb-22,187.55,19-Apr-21
KOTARISUG,EQ,50.35,12-May-21,22.5,15-Mar-21
KOTHARIPET,EQ,119,19-Jan-22,23.5,26-Apr-21
KOTHARIPRO,EQ,140.95,04-Mar-22,59.05,19-Apr-21
KOVAI,EQ,1925,18-Jan-22,1410.95,09-Aug-21
KPIGLOBAL,EQ,522.75,31-Jan-22,116.3,24-Aug-21
KPITTECH,EQ,801,10-Jan-22,145.25,19-Mar-21
KPRMILL,EQ,769,14-Jan-22,191.62,19-Mar-21
KRBL,EQ,337.95,14-Oct-21,173.15,22-Apr-21
KREBSBIO,EQ,227.9,31-Dec-21,83.1,31-Mar-21
KRIDHANINF,BE,8.55,12-Jan-22,3.45,13-Apr-21
KRISHANA,EQ,248.85,08-Feb-22,68.55,09-Mar-21
KRITI,EQ,146,28-Dec-21,97,28-Jan-22
KRSNAA,EQ,1099.7,16-Aug-21,533.05,24-Feb-22
KSB,EQ,1411,01-Nov-21,743.45,19-Mar-21
KSCL,EQ,816.65,17-May-21,467.25,07-Mar-22
KSL,EQ,466.2,02-Aug-21,265,25-Feb-22
KTKBANK,EQ,81.85,11-Nov-21,51.6,24-Aug-21
KUANTUM,EQ,108,04-Feb-22,59.05,10-Mar-21
L&TFH,EQ,110.45,09-Mar-21,58.5,07-Mar-22
LAGNAM,EQ,111.8,21-Jan-22,44.55,30-Sep-21
LAKPRE,BZ,10.55,24-Jan-22,3.65,31-Mar-21
LALPATHLAB,EQ,4245.5,15-Sep-21,2263.4,07-Mar-22
LAMBODHARA,EQ,130,18-Jan-22,48.15,25-Mar-21
LAOPALA,EQ,456.5,27-Dec-21,200.25,20-Apr-21
LASA,EQ,92.9,15-Jun-21,38,02-Mar-22
LATENTVIEW,EQ,754.9,26-Nov-21,368.1,24-Feb-22
LAURUSLABS,EQ,723.75,12-Aug-21,334,19-Mar-21
LAXMICOT,EQ,34.85,12-Jan-22,19.75,07-Mar-22
LAXMIMACH,EQ,11790,10-Feb-22,5888.65,23-Apr-21
LCCINFOTEC,BE,8.65,19-Jan-22,1.45,26-May-21
LEMONTREE,EQ,61.2,09-Mar-22,27,19-Apr-21
LFIC,EQ,219.25,29-Nov-21,68,04-May-21
LGBBROSLTD,EQ,736,03-Feb-22,282,19-Apr-21
LGBFORGE,BE,23.7,12-Jan-22,3.5,20-Apr-21
LIBAS,EQ,63.67,14-Jul-21,24.5,25-Nov-21
LIBERTSHOE,EQ,215.9,07-Sep-21,115.9,19-Apr-21
LICHSGFIN,EQ,542.45,11-Jun-21,321,07-Mar-22
LICNETFGSC,EQ,26.94,11-Nov-21,19,03-Dec-21
LICNETFN50,EQ,210,01-Dec-21,151.26,23-Mar-21
LICNETFSEN,EQ,677.4,07-Jan-22,493.95,26-Apr-21
LICNFNHGP,EQ,230,10-Nov-21,142.1,25-Mar-21
LIKHITHA,EQ,480,11-Jun-21,280,24-Feb-22
LINC,EQ,339.45,21-Feb-22,139.3,25-Mar-21
LINCOLN,EQ,414.7,30-Sep-21,219.2,19-Mar-21
LINDEINDIA,EQ,3005,21-Feb-22,1526.85,18-Jun-21
LIQUIDBEES,EQ,1008.9,10-Feb-22,990,22-Nov-21
LIQUIDETF,EQ,1020,27-May-21,805.9,10-Jan-22
LODHA,EQ,1539,01-Dec-21,422.6,19-Apr-21
LOKESHMACH,EQ,88.75,07-Feb-22,30.05,26-Mar-21
LOTUSEYE,BE,73.8,03-Feb-22,36,09-Mar-21
LOVABLE,BE,215.8,09-Dec-21,79.45,31-Mar-21
LPDC,BE,17.9,13-Jan-22,1.85,20-Apr-21
LSIL,BE,28.8,12-Jan-22,1.05,22-Apr-21
LT,EQ,2078.55,18-Jan-22,1306,19-Apr-21
LTI,EQ,7588.8,04-Jan-22,3525,17-May-21
LTTS,EQ,5955.5,04-Jan-22,2475,18-Mar-21
LUMAXIND,EQ,1710,09-Mar-21,925,08-Mar-22
LUMAXTECH,EQ,210,20-Jan-22,127.5,01-Nov-21
LUPIN,EQ,1267.65,02-Jun-21,678.8,07-Mar-22
LUXIND,EQ,4644,17-Nov-21,1638.6,25-Mar-21
LXCHEM,EQ,628,16-Sep-21,143.25,25-Mar-21
LYKALABS,BE,267,24-Dec-21,21.75,25-Mar-21
LYPSAGEMS,BE,9.85,10-Feb-22,3.8,24-Aug-21
M&M,EQ,979,17-Nov-21,671.15,08-Mar-22
M&MFIN,EQ,220.7,22-Mar-21,128,07-Mar-22
MAANALU,EQ,234.05,05-Aug-21,66.9,19-Mar-21
MACPOWER,EQ,279.7,19-Jan-22,79.25,22-Apr-21
MADHAV,EQ,75,22-Jul-21,43.15,22-Apr-21
MADHUCON,BE,12.85,05-Jan-22,4.45,01-Sep-21
MADRASFERT,EQ,39.35,18-Jan-22,23.2,22-Apr-21
MAESGETF,EQ,32.18,19-Oct-21,21.75,26-Apr-21
MAFANG,EQ,69,03-Nov-21,41.1,21-Feb-22
MAFSETF,EQ,21,15-Nov-21,15.04,08-Mar-22
MAGADSUGAR,EQ,386.95,05-Jul-21,98.5,30-Mar-21
MAGNUM,EQ,16.4,11-Feb-22,4.05,20-Apr-21
MAHABANK,EQ,32,07-Jun-21,16.95,24-Feb-22
MAHAPEXLTD,EQ,124.35,27-Jul-21,63.05,20-Apr-21
MAHASTEEL,EQ,119.35,27-Jul-21,65.8,24-Feb-22
MAHEPC,EQ,178.2,14-Jul-21,92.3,04-Mar-22
MAHESHWARI,EQ,140.4,04-Aug-21,64,24-Feb-22
MAHINDCIE,EQ,312,16-Nov-21,150.25,23-Apr-21
MAHKTECH,EQ,23,13-Dec-21,14.05,09-Mar-22
MAHLIFE,EQ,347.9,11-Feb-22,153.62,19-Apr-21
MAHLOG,EQ,821,02-Aug-21,391.1,22-Feb-22
MAHSCOOTER,EQ,5050,19-Oct-21,3275,19-Apr-21
MAHSEAMLES,EQ,594.85,12-Jan-22,265,15-Apr-21
MAITHANALL,EQ,1254.95,04-Aug-21,532.4,31-Mar-21
MALLCOM,EQ,1079.85,02-Feb-22,650,25-Feb-22
MALUPAPER,EQ,44,29-Jul-21,24,13-Apr-21
MAMFGETF,EQ,95,03-Feb-22,72.51,08-Mar-22
MAN50ETF,EQ,210.8,19-Oct-21,143.7,26-Apr-21
MANAKALUCO,BE,33.65,29-Dec-21,8.25,25-Mar-21
MANAKCOAT,BE,62.55,12-Jan-22,10.7,09-Mar-21
MANAKSIA,EQ,91.05,18-Jan-22,48,19-Apr-21
MANAKSTEEL,EQ,54.6,17-Jan-22,20.15,23-Mar-21
MANALIPETC,EQ,138.65,05-Oct-21,57.7,25-Mar-21
MANAPPURAM,EQ,224.5,10-Nov-21,109,24-Feb-22
MANGALAM,EQ,196.95,27-Jul-21,96,19-Mar-21
MANGCHEFER,EQ,101,14-May-21,61.5,20-Dec-21
MANGLMCEM,EQ,543.6,03-Aug-21,251.75,19-Mar-21
MANINDS,EQ,147.1,02-Aug-21,75,19-Mar-21
MANINFRA,EQ,131.1,11-Jan-22,23.67,22-Apr-21
MANORG,EQ,1299,10-Nov-21,781.15,24-Feb-22
MANUGRAPH,EQ,23.2,19-Jan-22,9.85,23-Apr-21
MANXT50,EQ,530.18,22-Nov-21,327.82,19-Mar-21
MANYAVAR,EQ,992.7,16-Feb-22,790.2,24-Feb-22
MAPMYINDIA,EQ,1917.4,17-Jan-22,1267.05,28-Jan-22
MARALOVER,EQ,138.2,12-Jan-22,27.9,19-Mar-21
MARATHON,EQ,127.65,24-Dec-21,42.05,15-Apr-21
MARICO,EQ,607.7,18-Oct-21,379.1,19-Mar-21
MARINE,BE,90.7,07-Jun-21,24.65,09-Dec-21
MARKSANS,EQ,97.6,14-Jun-21,43.55,24-Feb-22
MARSHALL,BE,69.5,02-Dec-21,28.4,23-Nov-21
MARUTI,EQ,9050,10-Feb-22,6400,03-May-21
MASFIN,EQ,975.1,27-May-21,460.3,01-Feb-22
MASKINVEST,BE,50.15,05-Jul-21,21.3,02-Jun-21
MASPTOP50,EQ,37,28-Dec-21,23.1,02-Mar-22
MASTEK,EQ,3669,19-Oct-21,1135.65,19-Mar-21
MATRIMONY,EQ,1215,30-Jul-21,681.05,07-Mar-22
MAWANASUG,EQ,153.75,09-Mar-22,34,19-Mar-21
MAXHEALTH,EQ,458.05,31-Dec-21,181.25,19-Mar-21
MAXIND,EQ,84.5,13-Oct-21,61.7,19-Mar-21
MAXVIL,EQ,156.1,12-Nov-21,53.15,15-Apr-21
MAYURUNIQ,EQ,626.9,13-Dec-21,336.9,08-Mar-22
MAZDA,EQ,752.95,31-May-21,415,19-Apr-21
MAZDOCK,EQ,321,10-Nov-21,191.85,22-Apr-21
MBAPL,EQ,351.95,04-Mar-22,70.4,10-Mar-21
MBECL,BE,12.95,19-Jul-21,5.05,09-Mar-22
MBLINFRA,EQ,43.85,20-Jan-22,15.55,22-Apr-21
MCDOWELL-N,EQ,1019.95,09-Nov-21,507.5,19-Apr-21
MCL,EQ,107,13-Apr-21,22.4,24-Feb-22
MCLEODRUSS,EQ,43.5,09-Jun-21,18.05,25-Aug-21
MCX,EQ,2135,14-Oct-21,1165,24-Feb-22
MEDICAMEQ,EQ,1019.8,27-Dec-21,539.55,29-Oct-21
MEDPLUS,EQ,1343,20-Jan-22,920,07-Mar-22
MEGASOFT,BE,87.75,05-Jan-22,9.05,26-Mar-21
MEGASTAR,EQ,165,25-Feb-22,110.2,16-Feb-22
MELSTAR,BZ,6.65,21-Dec-21,1.85,27-Apr-21
MENONBE,EQ,112.95,19-Jan-22,49.6,23-Apr-21
MEP,EQ,32.15,17-Jan-22,14,12-Apr-21
MERCATOR,BE,3.45,24-Jan-22,0.75,27-Apr-21
METALFORGE,BZ,8.9,12-Jan-22,4.75,02-Nov-21
METROBRAND,EQ,673,18-Jan-22,426,22-Dec-21
METROPOLIS,EQ,3579.9,30-Dec-21,1804.05,07-Mar-22
MFL,EQ,1038.05,06-Oct-21,387.1,18-Aug-21
MFSL,EQ,1148.05,29-Jul-21,755.05,07-Mar-22
MGEL,EQ,204.9,09-Mar-22,38.25,22-Mar-21
MGL,EQ,1284.4,17-Jun-21,680,24-Feb-22
MHLXMIRU,EQ,170.6,17-Feb-22,65.2,01-Feb-22
MHRIL,EQ,267.5,11-Nov-21,128.73,19-Apr-21
MICEL,BE,38.3,12-Jan-22,14.15,20-Dec-21
MIDHANI,EQ,221.85,15-Jun-21,165.65,24-Feb-22
MINDACORP,EQ,214,20-Jan-22,89.7,19-Mar-21
MINDAIND,EQ,1257.4,28-Dec-21,459.05,19-Apr-21
MINDTECK,BE,300.2,11-Jan-22,41.25,30-Mar-21
MINDTREE,EQ,5060,18-Nov-21,1725,09-Mar-21
MIRCELECTR,EQ,34.9,18-Jan-22,10.95,22-Apr-21
MIRZAINT,EQ,174.45,16-Feb-22,43,22-Apr-21
MITTAL,BE,31.55,12-Jan-22,7.5,23-Apr-21
MMFL,EQ,955,19-Oct-21,433.45,03-May-21
MMP,EQ,198.9,03-Feb-22,77.6,19-Apr-21
MMTC,EQ,64.7,31-Jan-22,34,29-Nov-21
MODIRUBBER,BE,216.05,09-Mar-21,60.15,31-Aug-21
MODISNME,EQ,104.9,08-Dec-21,52.05,03-May-21
MOGSEC,EQ,59.05,25-Jan-22,41.99,03-Feb-22
MOHITIND,EQ,22.05,07-Jul-21,6.2,03-May-21
MOIL,EQ,207.95,22-Jun-21,135.1,25-Mar-21
MOKSH,EQ,123.85,07-Jul-21,16.7,02-Mar-22
MOL,EQ,149.7,03-Sep-21,81.1,24-Nov-21
MOLDTECH,EQ,108,07-Jul-21,38.3,19-Apr-21
MOLDTKPAC,EQ,861.7,13-Dec-21,382.4,25-Mar-21
MOM100,EQ,36.65,25-Jan-22,23.61,19-Mar-21
MOM50,EQ,194,04-Mar-22,131.1,26-Apr-21
MOMOMENTUM,EQ,204.99,17-Feb-22,182.01,07-Mar-22
MON100,EQ,138.6,27-Dec-21,89.46,09-Mar-21
MONARCH,EQ,189.55,18-Feb-22,136.25,06-Jan-22
MONQ50,EQ,78,04-Jan-22,49.05,10-Jan-22
MONTECARLO,EQ,729,10-Jan-22,207.1,19-Mar-21
MORARJEE,BE,33.65,30-Dec-21,13.5,10-May-21
MOREPENLAB,EQ,75,06-Jul-21,30.5,19-Mar-21
MOTHERSUMI,EQ,272.85,02-Jun-21,119.55,08-Mar-22
MOTILALOFS,EQ,1188,19-Jul-21,580,22-Apr-21
MOTOGENFIN,BE,38.95,09-Dec-21,17.6,12-Mar-21
MPHASIS,EQ,3659.75,19-Oct-21,1575.25,09-Mar-21
MPSLTD,EQ,807.75,20-Aug-21,432.05,31-Mar-21
MRF,EQ,90300,12-Mar-21,63000,24-Feb-22
MRO-TEK,EQ,78.3,08-Oct-21,22.05,10-May-21
MRPL,EQ,57.8,25-Oct-21,35.3,19-Apr-21
MSPL,EQ,18.9,04-Jan-22,7,31-Mar-21
MSTCLTD,EQ,542,19-Oct-21,247.15,18-Jun-21
MTARTECH,EQ,2563.3,03-Jan-22,860,19-Mar-21
MTEDUCARE,EQ,14.75,13-Jan-22,6.25,31-Mar-21
MTNL,EQ,40.85,29-Dec-21,14.6,22-Apr-21
MUKANDLTD,EQ,167.5,17-Aug-21,55.1,25-Mar-21
MUKTAARTS,EQ,66.2,03-Dec-21,27,13-Apr-21
MUNJALAU,EQ,72.8,04-Aug-21,42,07-Mar-22
MUNJALSHOW,EQ,174.6,17-Jun-21,97.2,07-Mar-22
MURUDCERA,EQ,35.8,18-Jan-22,17.3,12-Apr-21
MUTHOOTCAP,EQ,496,23-Jul-21,253.95,28-Feb-22
MUTHOOTFIN,EQ,1721.95,15-Nov-21,1121,22-Apr-21
NACLIND,EQ,104.4,18-Jan-22,35.95,26-Apr-21
NAGAFERT,EQ,20.55,15-Jul-21,5.1,23-Apr-21
NAGREEKCAP,EQ,18.25,24-Jan-22,5.05,08-Apr-21
NAGREEKEXP,EQ,52.75,09-Aug-21,14.55,01-Apr-21
NAHARCAP,EQ,588,08-Feb-22,87.05,22-Apr-21
NAHARINDUS,EQ,199,08-Feb-22,39,19-Apr-21
NAHARPOLY,EQ,498,04-Mar-22,92.1,12-Mar-21
NAHARSPING,BE,690,08-Feb-22,92,28-Apr-21
NAM-INDIA,EQ,476.45,19-Oct-21,283.8,07-Mar-22
NATCOPHARM,EQ,1189,06-Jul-21,751.9,24-Feb-22
NATHBIOGEN,EQ,473.95,01-Jun-21,191.85,24-Feb-22
NATIONALUM,EQ,132.7,04-Mar-22,50.7,25-Mar-21
NAUKRI,EQ,7465.4,19-Oct-21,4023.9,30-Mar-21
NAVINFLUOR,EQ,4329,28-Dec-21,2389.45,19-Mar-21
NAVKARCORP,EQ,54.75,19-Jul-21,30.1,22-Feb-22
NAVNETEDUL,EQ,121.55,12-Oct-21,72.7,19-May-21
NAZARA,EQ,3356,11-Oct-21,1432,31-Mar-21
NBCC,EQ,59.8,22-Jun-21,34.15,24-Feb-22
NBIFIN,EQ,3200,24-May-21,1625.45,15-Apr-21
NBVENTURES,EQ,144,10-Feb-22,68.3,15-Mar-21
NCC,EQ,98.5,12-Jul-21,55.75,24-Feb-22
NCLIND,EQ,304.95,03-Aug-21,143.7,22-Apr-21
NCPSESDL24,EQ,109.25,13-Dec-21,101.9,12-Mar-21
NDGL,EQ,2175,23-Jun-21,680.5,12-Apr-21
NDL,EQ,172,20-Jan-22,28.45,19-Apr-21
NDRAUTO,EQ,499.9,21-Jan-22,178.2,31-Mar-21
NDTV,EQ,187.5,09-Mar-22,52.4,09-Mar-21
NECCLTD,EQ,29.6,18-Jan-22,6.55,19-Apr-21
NECLIFE,EQ,47.9,12-Jul-21,18.45,31-Mar-21
NELCAST,EQ,100.35,26-Jul-21,58.85,08-Mar-22
NELCO,EQ,971.95,19-Oct-21,179,19-Apr-21
NEOGEN,EQ,1930,04-Jan-22,757.2,15-Apr-21
NESCO,EQ,696.8,06-Jul-21,465,22-Apr-21
NESTLEIND,EQ,20609.15,14-Sep-21,16070,19-Mar-21
NETF,EQ,222.68,14-Oct-21,160.1,06-Aug-21
NETFAUTO,EQ,120.75,02-Feb-22,92.01,08-Mar-22
NETFCONSUM,EQ,86,06-Sep-21,60.36,10-May-21
NETFDIVOPP,EQ,51.2,17-Jan-22,35.06,25-Mar-21
NETFGILT5Y,EQ,59,03-Jan-22,41.99,03-Jan-22
NETFIT,EQ,41.08,21-Jan-22,24,24-Mar-21
NETFLTGILT,EQ,25.8,01-Dec-21,20.8,22-Dec-21
NETFMID150,EQ,140,25-Jan-22,82.51,10-May-21
NETFNIF100,EQ,219.4,19-Oct-21,146.68,17-May-21
NETFNV20,EQ,118,06-Jan-22,77.5,26-Mar-21
NETFPHARMA,EQ,17.44,07-Jul-21,12.47,07-Mar-22
NETFSDL26,EQ,124,16-Feb-22,100.93,28-Jul-21
NETFSILVER,EQ,74,09-Mar-22,59.44,07-Feb-22
NETWORK18,EQ,114.8,13-Dec-21,34.5,12-Apr-21
NEULANDLAB,EQ,2844.4,22-Apr-21,1026,24-Feb-22
NEWGEN,EQ,755,05-Jul-21,271.55,25-Mar-21
NEXTMEDIA,BE,11.45,16-Dec-21,3.5,01-Apr-21
NFL,EQ,73.7,12-May-21,41.05,24-Feb-22
NGIL,BE,328,04-Jan-22,58.65,31-Aug-21
NH,EQ,698.9,28-Feb-22,380,25-Mar-21
NHPC,EQ,37.05,18-Oct-21,23.05,26-Mar-21
NIACL,EQ,183,07-Jun-21,110.05,08-Mar-22
NIBL,EQ,34.7,18-Oct-21,9.75,09-Mar-21
NIFTYBEES,EQ,223,17-Jan-22,132,20-Apr-21
NIITLTD,EQ,507,17-Jan-22,136,31-Mar-21
NILAINFRA,EQ,10.6,18-Jan-22,4.05,20-Apr-21
NILASPACES,BE,6.4,13-Jan-22,1.25,10-May-21
NILKAMAL,EQ,3180,03-Aug-21,1800,19-Mar-21
NIPPOBATRY,EQ,641.2,29-Jul-21,346.3,07-Apr-21
NIRAJ,EQ,55.9,11-Aug-21,25.65,24-Feb-22
NITCO,EQ,42.8,17-Dec-21,17.35,19-Apr-21
NITINSPIN,EQ,345,08-Feb-22,77,22-Apr-21
NITIRAJ,EQ,84.5,29-Dec-21,38.2,17-May-21
NKIND,BE,48,12-Oct-21,19.8,23-Apr-21
NLCINDIA,EQ,80.1,18-Oct-21,46.2,19-Apr-21
NMDC,EQ,213.2,12-May-21,122,25-Mar-21
NOCIL,EQ,321.3,12-Oct-21,157.5,19-Mar-21
NOIDATOLL,EQ,10.25,12-Jan-22,5.2,24-Aug-21
NOVARTIND,EQ,1098,09-Jul-21,530.05,30-Mar-21
NPBET,EQ,228.89,27-Sep-21,163.65,19-Apr-21
NRAIL,EQ,361.15,13-Aug-21,193.85,22-Apr-21
NRBBEARING,EQ,189.7,07-Jan-22,96.5,27-Apr-21
NSIL,EQ,2166.65,29-Jul-21,947,24-Mar-21
NTPC,EQ,152.1,19-Oct-21,97.05,22-Apr-21
NUCLEUS,EQ,766,02-Jul-21,428.6,07-Mar-22
NURECA,EQ,2315,08-Oct-21,555.6,15-Mar-21
NUVOCO,EQ,577.9,06-Sep-21,295,24-Feb-22
NXTDIGITAL,EQ,548.5,14-May-21,333.3,25-Nov-21
NYKAA,EQ,2573.7,26-Nov-21,1219.05,22-Feb-22
OAL,EQ,1100,14-Sep-21,545.05,25-Mar-21
OBEROIRLTY,EQ,1051.9,03-Nov-21,515.1,23-Apr-21
OCCL,EQ,1323.9,02-Aug-21,766,07-Mar-22
OFSS,EQ,5145,19-Oct-21,3022.5,19-Mar-21
OIL,EQ,267.8,01-Oct-21,112,12-Apr-21
OILCOUNTUB,EQ,12.9,13-Oct-21,3.9,09-Mar-21
OLECTRA,EQ,941.2,16-Dec-21,166.1,07-Jun-21
OMAXAUTO,EQ,73.75,14-Jul-21,36.95,04-May-21
OMAXE,EQ,109.15,11-Feb-22,60,26-Apr-21
OMINFRAL,EQ,56.45,20-Jan-22,18.95,07-May-21
OMKARCHEM,EQ,47,13-Dec-21,7.65,09-Jul-21
ONELIFECAP,EQ,27.2,25-Aug-21,5.6,19-Apr-21
ONEPOINT,EQ,96.05,17-Jan-22,10.15,08-Mar-22
ONGC,EQ,194.95,08-Mar-22,97.45,12-Apr-21
ONMOBILE,EQ,175.3,03-Feb-22,87.8,31-Mar-21
ONWARDTEC,EQ,406.4,03-Feb-22,102.15,09-Mar-21
OPTIEMUS,EQ,407.65,26-Nov-21,114.15,13-Apr-21
ORBTEXP,EQ,134.8,03-Feb-22,55.4,05-Apr-21
ORCHPHARMA,EQ,2654.25,05-Apr-21,265,22-Feb-22
ORICONENT,EQ,45,31-Dec-21,17.2,30-Mar-21
ORIENTABRA,EQ,40.45,07-Feb-22,19.2,05-Apr-21
ORIENTALTL,BE,16.95,10-Jan-22,5.05,12-Apr-21
ORIENTBELL,EQ,669.75,28-Feb-22,201.55,01-Apr-21
ORIENTCEM,EQ,185.55,08-Nov-21,93,19-Mar-21
ORIENTELEC,EQ,408,30-Nov-21,263.5,03-May-21
ORIENTHOT,EQ,62,20-Jan-22,21.65,19-Apr-21
ORIENTLTD,EQ,122.9,09-Jun-21,53.1,07-Mar-22
ORIENTPPR,EQ,39.4,10-Nov-21,21.35,22-Apr-21
ORISSAMINE,EQ,3802,17-Jun-21,2200,20-Dec-21
ORTINLAB,EQ,52.25,18-Jun-21,21.4,15-Apr-21
OSWALAGRO,EQ,45.5,11-Jan-22,8.2,20-Apr-21
PAGEIND,EQ,45600,17-Jan-22,27500,09-Mar-21
PAISALO,EQ,1143,18-Oct-21,560,20-Aug-21
PALASHSECU,BE,114.55,04-Mar-22,44.65,30-Mar-21
PALREDTEC,BE,351.65,01-Feb-22,83.75,19-Mar-21
PANACEABIO,EQ,449,28-May-21,165.3,23-Nov-21
PANACHE,EQ,94.8,06-Jul-21,39.9,24-Feb-22
PANAMAPET,EQ,333,10-Jan-22,135,12-Apr-21
PANSARI,EQ,225.1,08-Dec-21,57.75,19-Oct-21
PAR,EQ,310.6,12-Oct-21,131.75,07-Mar-22
PARACABLES,BE,24.4,14-Jul-21,8.05,19-Mar-21
PARAGMILK,EQ,159.9,12-Nov-21,94,25-Mar-21
PARAS,EQ,1258.2,25-Oct-21,460,01-Oct-21
PARSVNATH,BE,27.15,28-Dec-21,7,23-Apr-21
PASUPTAC,EQ,57.6,10-Jan-22,28.05,29-Nov-21
PATELENG,BE,34.95,30-Dec-21,11.15,15-Apr-21
PATINTLOG,EQ,20.35,19-Jan-22,8.9,31-Mar-21
PAYTM,EQ,1955,18-Nov-21,728.05,08-Mar-22
PBAINFRA,EQ,22.05,28-Jun-21,7.15,31-May-21
PCBL,EQ,254.5,18-Jan-22,178,24-Feb-22
PCJEWELLER,EQ,32.95,12-Mar-21,18.8,24-Feb-22
PDMJEPAPER,EQ,50.9,06-Oct-21,21.5,20-Apr-21
PDSL,EQ,1749.6,17-Feb-22,1470.3,24-Feb-22
PEARLPOLY,EQ,24.95,16-Dec-21,13.5,12-Apr-21
PEL,EQ,3014.95,07-Oct-21,1607.1,12-Apr-21
PENIND,EQ,48,20-Jan-22,16.2,31-Mar-21
PENINLAND,BE,19.45,15-Dec-21,5.65,16-Mar-21
PERSISTENT,EQ,4987.5,03-Jan-22,1695.6,09-Mar-21
PETRONET,EQ,256.5,09-Mar-21,190.25,24-Feb-22
PFC,EQ,153.75,18-Oct-21,104.1,12-Apr-21
PFIZER,EQ,6175,09-Sep-21,4180,24-Feb-22
PFOCUS,EQ,98.95,08-Feb-22,48.45,11-Aug-21
PFS,EQ,25.95,19-Jan-22,15,08-Mar-22
PGEL,EQ,871.45,07-Jan-22,288.5,20-Apr-21
PGHH,EQ,16448.7,20-Jan-22,12110,30-Mar-21
PGHL,EQ,6786.3,09-Mar-21,4400,08-Mar-22
PGIL,EQ,575,02-Feb-22,162.4,09-Mar-21
PHOENIXLTD,EQ,1195,16-Nov-21,652.8,19-Mar-21
PIDILITIND,EQ,2764.7,13-Jan-22,1681,19-Mar-21
PIIND,EQ,3534.9,14-Sep-21,2123,19-Mar-21
PILANIINVS,EQ,2250,29-Nov-21,1536,30-Mar-21
PILITA,BE,19.2,01-Apr-21,5.9,24-Aug-21
PIONDIST,EQ,209.4,09-Nov-21,98.05,19-Apr-21
PIONEEREMB,EQ,79.7,02-Aug-21,37,19-Mar-21
PITTIENG,EQ,299,21-Jan-22,62,22-Apr-21
PKTEA,BE,384.9,02-Jul-21,190.1,20-Apr-21
PLASTIBLEN,EQ,306,15-Sep-21,193.1,24-Feb-22
PNB,EQ,48.2,18-Oct-21,31.75,24-Feb-22
PNBGILTS,EQ,94.65,03-Jun-21,46.5,19-Mar-21
PNBHOUSING,EQ,925,08-Jun-21,350,22-Apr-21
PNC,EQ,72,12-Jan-22,21.2,15-Mar-21
PNCINFRA,EQ,395.9,13-Oct-21,217.2,06-May-21
PODDARHOUS,EQ,313,11-Feb-22,141.75,19-May-21
PODDARMENT,EQ,433.85,26-Jul-21,184.85,25-Mar-21
POKARNA,EQ,840.55,31-Jan-22,197,19-Mar-21
POLICYBZR,EQ,1470,17-Nov-21,618,24-Feb-22
POLYCAB,EQ,2771.75,18-Jan-22,1126.1,24-Mar-21
POLYMED,EQ,1165,24-May-21,685.6,22-Feb-22
POLYPLEX,EQ,2149.9,10-Feb-22,780.1,13-Apr-21
PONNIERODE,EQ,380,30-Jun-21,144.25,24-Mar-21
POONAWALLA,EQ,302.9,11-Jan-22,101.55,31-Mar-21
POWERGRID,EQ,223.4,08-Mar-22,148.88,12-Apr-21
POWERINDIA,EQ,4042.6,03-Mar-22,1265.3,19-Mar-21
POWERMECH,EQ,1095,18-Oct-21,501.35,19-Mar-21
PPAP,EQ,339.4,29-Jul-21,173.65,03-May-21
PPL,EQ,194.7,24-Jun-21,112.25,19-Mar-21
PRAENG,BE,31.05,04-Aug-21,7.25,16-Apr-21
PRAJIND,EQ,448,03-Feb-22,151.85,18-Mar-21
PRAKASH,EQ,104.75,11-May-21,50.1,06-Dec-21
PRAKASHSTL,EQ,9.75,12-Jan-22,0.7,29-Apr-21
PRAXIS,EQ,76.3,31-Jan-22,28.4,07-Sep-21
PRECAM,EQ,189.75,08-Feb-22,38,19-Mar-21
PRECOT,EQ,400,18-Jan-22,95.35,10-Mar-21
PRECWIRE,BE,130.95,20-Jan-22,35.3,22-Apr-21
PREMEXPLN,EQ,347.9,07-Mar-22,134.05,18-Jun-21
PREMIER,BE,13.3,21-Dec-21,1.9,28-Apr-21
PREMIERPOL,EQ,113.8,28-Jul-21,33.55,13-Apr-21
PRESSMN,EQ,53.5,27-Jan-22,20.4,19-Apr-21
PRESTIGE,EQ,554.9,18-Jan-22,263,03-May-21
PRICOLLTD,EQ,139.5,21-Jan-22,60,19-Mar-21
PRIMESECU,EQ,132.55,09-Nov-21,40,18-May-21
PRINCEPIPE,EQ,897,09-Nov-21,385,19-Mar-21
PRITI,EQ,78.9,07-Mar-22,69.05,02-Mar-22
PRITIKAUTO,EQ,22.8,31-Aug-21,13.75,30-Aug-21
PRIVISCL,EQ,2249,17-Jan-22,608,09-Mar-21
PROZONINTU,BE,56.35,14-Jun-21,14.15,08-Apr-21
PRSMJOHNSN,EQ,160,17-Jan-22,109.9,07-Mar-22
PSB,EQ,22.7,30-Jun-21,14.6,24-Feb-22
PSPPROJECT,EQ,639.3,01-Feb-22,397,02-Jun-21
PSUBNKBEES,EQ,35.8,26-Oct-21,20.1,23-Apr-21
PTC,EQ,144.4,19-Oct-21,74.6,09-Mar-21
PTL,EQ,40.4,27-Dec-21,17.78,19-Apr-21
PUNJABCHEM,EQ,1933.7,31-Aug-21,839.75,20-Apr-21
PUNJLLOYD,BZ,4.5,29-Dec-21,1.2,09-Apr-21
PURVA,EQ,166.5,09-Nov-21,63.8,28-Apr-21
PVP,BE,9.8,07-Jan-22,4.2,22-Sep-21
PVR,EQ,1839,08-Nov-21,988.35,19-Apr-21
QGOLDHALF,EQ,47.92,09-Mar-22,36.05,16-Dec-21
QGOLDHINAV,EQ,-1,-,-1,-
QNIFTY,EQ,2222.95,21-Jan-22,1472,22-Apr-21
QUESS,EQ,989.9,17-Sep-21,527.4,08-Mar-22
QUICKHEAL,EQ,318.9,03-Aug-21,170.5,24-Feb-22
RADAAN,BE,2.1,20-Jan-22,0.7,25-Mar-21
RADICO,EQ,1294,05-Jan-22,494,19-Apr-21
RADIOCITY,EQ,29.6,15-Jun-21,21.85,07-Mar-22
RAILTEL,EQ,164.6,10-Jun-21,87.2,07-Mar-22
RAIN,EQ,272.75,02-Aug-21,137.6,25-Mar-21
RAJESHEXPO,EQ,994.7,17-Jan-22,470.9,23-Mar-21
RAJMET,EQ,304,02-Mar-22,54.67,16-Apr-21
RAJRATAN,BE,3049.9,14-Jan-22,621.25,10-Mar-21
RAJSREESUG,BE,39.95,16-Dec-21,16.55,22-Apr-21
RAJTV,BE,66.7,01-Jul-21,29.65,15-Apr-21
RALLIS,EQ,362.6,18-Jun-21,227.3,24-Feb-22
RAMANEWS,EQ,27.7,02-Aug-21,13.4,19-Apr-21
RAMASTEEL,EQ,454.3,10-Jan-22,66.25,19-Mar-21
RAMCOCEM,EQ,1132.7,27-Jul-21,690.45,08-Mar-22
RAMCOIND,EQ,366.65,26-Jul-21,205.05,24-Feb-22
RAMCOSYS,EQ,687.25,16-Jul-21,274.65,24-Feb-22
RAMKY,EQ,258.5,18-Jan-22,59.6,22-Apr-21
RANASUG,EQ,38.3,14-Jul-21,7.55,22-Mar-21
RANEENGINE,EQ,386.4,13-Jul-21,241.2,24-Feb-22
RANEHOLDIN,EQ,782.75,26-Jul-21,543,07-May-21
RATEGAIN,EQ,525,18-Jan-22,275.2,07-Mar-22
RATNAMANI,EQ,2335.1,02-Mar-22,1752.25,14-May-21
RAYMOND,EQ,819,27-Jan-22,298.9,23-Apr-21
RBA,EQ,138.95,17-Feb-22,95,24-Feb-22
RBL,EQ,1209,14-Jul-21,577,07-Mar-22
RBLBANK,EQ,253.7,09-Mar-21,118.1,07-Mar-22
RCF,EQ,90.45,12-Mar-21,66,29-Nov-21
RCOM,BE,5.05,24-Jun-21,1.5,28-Apr-21
RECLTD,EQ,168.85,14-Oct-21,116.6,24-Feb-22
REDINGTON,EQ,179.2,17-Jan-22,73.55,24-Mar-21
REFEX,EQ,173.4,14-Sep-21,75.45,19-Mar-21
RELAXO,EQ,1448,04-Nov-21,821,17-Mar-21
RELCAPITAL,EQ,30.65,24-Jun-21,9.3,26-Apr-21
RELIANCE,EQ,2751.35,19-Oct-21,1876.7,22-Apr-21
RELIGARE,EQ,194.8,24-Sep-21,77.55,19-Mar-21
RELINFRA,EQ,150,10-Feb-22,31.15,19-Mar-21
REMSONSIND,EQ,314.7,06-Jul-21,126.5,24-Mar-21
RENUKA,EQ,47.75,06-Jul-21,9.1,31-Mar-21
REPCOHOME,EQ,430,14-Jun-21,165.5,08-Mar-22
REPL,EQ,280,16-Jun-21,177.7,19-Mar-21
REPRO,EQ,679.2,01-Nov-21,326.15,19-Apr-21
RESPONIND,EQ,215,07-Feb-22,90.3,29-Nov-21
REVATHI,EQ,958.8,17-Jan-22,457.2,30-Mar-21
RGL,EQ,1090.9,03-Jan-22,281.55,31-Mar-21
RHFL,BE,6.75,12-Jan-22,2.25,20-Apr-21
RHIM,EQ,564,17-Feb-22,219.95,25-Mar-21
RICOAUTO,EQ,62.4,30-Jul-21,33,08-Mar-22
RIIL,EQ,1032.6,11-Jan-22,347,22-Apr-21
RITES,EQ,317.9,25-Oct-21,232.2,19-Apr-21
RKDL,EQ,19.7,26-Jul-21,7,19-Apr-21
RKEC,EQ,117,12-Jul-21,46.6,24-Feb-22
RKFORGE,EQ,1260,11-Oct-21,480.95,18-Mar-21
RMCL,BZ,4.5,13-Jan-22,1.9,06-Dec-21
RML,EQ,486,03-Aug-21,311.25,20-Dec-21
RNAVAL,BZ,6.95,24-Jun-21,2.65,17-Aug-21
ROHITFERRO,BE,59.15,12-Jan-22,1.3,20-Apr-21
ROHLTD,EQ,113.4,27-Sep-21,52.75,05-Apr-21
ROLEXRINGS,EQ,1394,11-Jan-22,994.8,29-Nov-21
ROLLT,BE,4.6,24-Dec-21,2,27-Sep-21
ROLTA,BE,10.05,06-Jul-21,3.15,01-Apr-21
ROML,EQ,150.35,16-Sep-21,51.1,20-Aug-21
ROSSARI,EQ,1619,12-Oct-21,890,07-Mar-22
ROSSELLIND,EQ,212,03-Aug-21,98.25,19-Apr-21
ROUTE,EQ,2389,12-Oct-21,1395,24-Feb-22
RPGLIFE,EQ,752.45,21-Sep-21,359.75,30-Mar-21
RPOWER,EQ,19.25,08-Feb-22,4.15,13-Apr-21
RPPINFRA,EQ,78.65,17-Sep-21,29.38,19-Apr-21
RPPL,EQ,284,27-Dec-21,147.15,07-Mar-22
RPSGVENT,EQ,1144.9,20-Sep-21,316.25,09-Mar-21
RSSOFTWARE,EQ,52,07-Jan-22,23.8,31-Mar-21
RSWM,EQ,546.9,18-Jan-22,169.5,26-Apr-21
RSYSTEMS,EQ,354.95,17-Jan-22,109,13-Apr-21
RTNINDIA,EQ,71,28-Jul-21,4.55,06-Apr-21
RTNPOWER,BE,9.7,06-Jul-21,2.4,20-Apr-21
RUBYMILLS,EQ,441.7,09-Feb-22,156,30-Apr-21
RUCHI,EQ,1376.7,09-Jun-21,629.15,31-Mar-21
RUCHINFRA,BE,14.6,12-Jan-22,5.5,23-Apr-21
RUCHIRA,EQ,105.75,14-Jul-21,56.5,20-Apr-21
RUPA,EQ,561.1,21-Jan-22,289.5,03-May-21
RUSHIL,EQ,444.4,17-Feb-22,173.6,03-May-21
RVHL,EQ,34.8,03-Jan-22,15.05,01-Apr-21
RVNL,EQ,44.8,25-Oct-21,26.35,23-Apr-21
S&SPOWER,BE,38.65,15-Nov-21,18.35,11-Aug-21
SABEVENTS,BE,23.25,06-Jan-22,1,19-Mar-21
SADBHAV,EQ,96.5,30-Jun-21,28.1,24-Feb-22
SADBHIN,EQ,41.6,05-Jul-21,9.6,24-Feb-22
SAFARI,EQ,1051.05,08-Feb-22,542.05,15-Apr-21
SAGARDEEP,BE,77.75,21-Feb-22,26,30-Nov-21
SAGCEM,EQ,317,17-Aug-21,139.13,25-Mar-21
SAIL,EQ,151.3,10-May-21,67.1,19-Mar-21
SAKAR,EQ,212,03-Aug-21,89.75,12-Mar-21
SAKHTISUG,BE,22.95,13-Jul-21,8.55,25-Mar-21
SAKSOFT,EQ,1175,13-Jan-22,348.5,09-Mar-21
SAKUMA,EQ,15.8,14-Dec-21,4.05,31-Mar-21
SALASAR,EQ,372,13-Jul-21,170.43,30-Mar-21
SALONA,EQ,350,18-Jan-22,73.3,19-Apr-21
SALSTEEL,EQ,17.6,05-Aug-21,2.95,01-Apr-21
SALZERELEC,EQ,264.3,10-Jan-22,115.55,22-Apr-21
SAMBHAAV,BE,7.75,12-Jan-22,1.9,01-Apr-21
SANCO,BE,23.65,12-Jan-22,6.9,31-Mar-21
SANDESH,EQ,1084.7,14-Jul-21,625.2,19-Apr-21
SANDHAR,EQ,333,15-Sep-21,174.5,23-Apr-21
SANGAMIND,EQ,419.8,24-Jan-22,72.25,30-Mar-21
SANGHIIND,EQ,84.9,09-Aug-21,39.1,19-Mar-21
SANGHVIMOV,EQ,262.7,10-Jan-22,96.95,05-Apr-21
SANGINITA,EQ,47.2,08-Oct-21,18,01-Apr-21
SANOFI,EQ,9285,10-Aug-21,6945,27-Jan-22
SANSERA,EQ,889,17-Nov-21,597.55,09-Mar-22
SANWARIA,BZ,1.85,13-Jan-22,0.55,10-May-21
SAPPHIRE,EQ,1540,14-Feb-22,974.45,30-Nov-21
SARDAEN,EQ,1002.2,03-Mar-22,353,10-Mar-21
SAREGAMA,BE,5505.85,03-Jan-22,1345.9,19-Mar-21
SARLAPOLY,EQ,78.5,28-Jan-22,23.65,19-Apr-21
SASKEN,EQ,1525,21-Oct-21,805.1,19-Mar-21
SASTASUNDR,EQ,580,10-Jan-22,109,31-Mar-21
SATIA,EQ,118,08-Jul-21,73,26-Mar-21
SATIN,BE,115.3,15-Dec-21,61.85,29-Nov-21
SBC,BE,208.55,11-Jan-22,5.75,09-Mar-22
SBCL,EQ,508.75,10-Feb-22,115.1,02-Jul-21
SBICARD,EQ,1165,01-Sep-21,712.25,07-Mar-22
SBIETFCON,EQ,77.31,29-Nov-21,58.55,23-Feb-22
SBIETFIT,EQ,428.7,04-Jan-22,215,03-May-21
SBIETFPB,EQ,222,03-Nov-21,163.11,19-Apr-21
SBIETFQLTY,EQ,164.98,24-Sep-21,122.1,03-May-21
SBILIFE,EQ,1293.25,17-Jan-22,861,25-Mar-21
SBIN,EQ,549,07-Feb-22,321.3,19-Apr-21
SCAPDVR,EQ,20.1,07-Oct-21,1.55,30-Mar-21
SCHAEFFLER,EQ,9700,18-Jan-22,1598,16-Feb-22
SCHAND,EQ,148,03-Aug-21,90.05,06-May-21
SCHNEIDER,EQ,147.15,29-Jul-21,87.3,22-Apr-21
SCI,EQ,160.2,02-Dec-21,93.15,23-Aug-21
SDBL,EQ,59.01,26-Jul-21,27.18,19-Apr-21
SEAMECLTD,EQ,1306,10-Feb-22,342.9,18-May-21
SECURKLOUD,EQ,243.75,07-Oct-21,76.05,31-Mar-21
SEJALLTD,BE,225.3,09-Mar-22,13,13-Dec-21
SELAN,EQ,179.7,24-Jun-21,115,19-Apr-21
SELMC,EQ,395.25,09-Mar-22,4.95,28-Oct-21
SEPC,EQ,8.3,09-Mar-22,7.95,09-Mar-22
SEPOWER,BE,63.45,12-Jan-22,3.4,23-Apr-21
SEQUENT,EQ,336.5,29-Jun-21,121,07-Mar-22
SERVOTECH,BE,121,10-Feb-22,17.95,02-Nov-21
SESHAPAPER,EQ,228.8,15-Jul-21,133.6,24-Feb-22
SETCO,EQ,25.2,06-Jul-21,13.5,19-Apr-21
SETF10GILT,EQ,237.98,31-Aug-21,184.7,24-Feb-22
SETFGOINAV,EQ,-1,-,-1,-
SETFGOLD,EQ,49.91,02-Mar-22,39.35,31-Mar-21
SETFNIF50,EQ,196.54,22-Oct-21,141,10-May-21
SETFNIFBK,EQ,420,26-Oct-21,303.6,19-Apr-21
SETFNN50,EQ,468.6,19-Oct-21,340.12,19-Mar-21
SETUINFRA,BE,4.25,24-Jan-22,0.65,12-May-21
SEYAIND,BZ,85,22-Jul-21,40.25,25-Feb-22
SFL,EQ,3959.5,12-Jan-22,1930,30-Mar-21
SGIL,EQ,243,18-Jan-22,135.9,27-Oct-21
SGL,EQ,38.8,28-Jan-22,7.2,16-Mar-21
SHAHALLOYS,EQ,87.4,09-Mar-22,7.45,09-Mar-21
SHAKTIPUMP,EQ,910,08-Jun-21,457.5,16-Mar-21
SHALBY,EQ,214.4,10-Aug-21,96.1,19-Mar-21
SHALPAINTS,EQ,151,19-Jan-22,83,20-Apr-21
SHANKARA,EQ,752.2,28-Feb-22,359.25,22-Apr-21
SHANTI,BE,29.8,18-Oct-21,17,25-Feb-22
SHANTIGEAR,EQ,211.35,04-Aug-21,120.5,19-Mar-21
SHARDACROP,EQ,673,07-Feb-22,274.15,16-Apr-21
SHARDAMOTR,EQ,954.9,29-Dec-21,324.9,05-May-21
SHAREINDIA,EQ,1368.85,27-Jan-22,240,19-Mar-21
SHARIABEES,EQ,520,27-Sep-21,346.2,26-Mar-21
SHEMAROO,EQ,180.95,27-May-21,64.35,06-Apr-21
SHIL,EQ,484.7,09-Nov-21,245.5,19-Mar-21
SHILPAMED,EQ,670.4,22-Jul-21,311.6,19-Mar-21
SHIVALIK,EQ,1195,06-Jan-22,795.05,24-Feb-22
SHIVAMAUTO,EQ,44.7,11-Jan-22,14.11,13-Apr-21
SHIVAMILLS,EQ,204.8,21-Jan-22,40.05,19-Apr-21
SHIVATEX,EQ,321.75,20-Jan-22,126,22-Apr-21
SHK,EQ,207.45,10-Nov-21,106,19-Mar-21
SHOPERSTOP,EQ,425,21-Jan-22,174.1,19-Apr-21
SHRADHA,EQ,80,24-Jan-22,35.5,22-Apr-21
SHREDIGCEM,EQ,97.8,29-Jul-21,47.1,25-Feb-22
SHREECEM,EQ,32048,08-Apr-21,21650,07-Mar-22
SHREEPUSHK,EQ,274.9,06-Oct-21,131.65,10-Mar-21
SHREERAMA,BE,23.5,05-Jan-22,9,22-Apr-21
SHRENIK,BE,4.6,12-Jan-22,1.4,30-Sep-21
SHREYANIND,EQ,152,28-Jul-21,79,19-Apr-21
SHREYAS,EQ,448.2,07-Oct-21,68.3,31-Mar-21
SHRIPISTON,BE,1113.75,30-Jul-21,675,04-Mar-22
SHRIRAMCIT,EQ,2602,14-Sep-21,1324.95,30-Mar-21
SHRIRAMPPS,EQ,115.75,20-Jan-22,76.2,24-Feb-22
SHYAMCENT,EQ,21.8,02-Feb-22,5,20-Apr-21
SHYAMMETL,EQ,461.15,20-Jul-21,289.15,24-Feb-22
SHYAMTEL,BE,17.85,22-Dec-21,8.25,15-Sep-21
SICAL,BE,23.75,19-Oct-21,8.6,26-Mar-21
SIEMENS,EQ,2576.85,13-Dec-21,1717.8,12-Apr-21
SIGACHI,EQ,634,17-Nov-21,275,24-Feb-22
SIGIND,EQ,69.45,28-Jan-22,26.4,22-Apr-21
SIKKO,EQ,79.65,15-Nov-21,38.6,22-Oct-21
SIL,BE,21.45,16-Mar-21,11.8,04-Mar-22
SILGO,EQ,66.7,25-Mar-21,25.05,07-Mar-22
SILINV,EQ,390.1,23-Feb-22,172.1,20-Apr-21
SILLYMONKS,EQ,32.8,12-Nov-21,17.15,04-Nov-21
SILVER,EQ,76.8,07-Mar-22,63.2,03-Feb-22
SIMBHALS,EQ,44.45,14-Jul-21,6.4,25-Mar-21
SIMPLEXINF,EQ,56.5,30-Jun-21,27.7,23-Apr-21
SINTERCOM,EQ,108,18-Jan-22,61.2,04-May-21
SINTEX,EQ,20.35,04-Jan-22,3.25,07-May-21
SIRCA,EQ,625,02-Dec-21,283,11-Aug-21
SIS,EQ,560,08-Feb-22,353.85,29-Apr-21
SITINET,BE,5.55,12-Jan-22,0.7,22-Apr-21
SIYSIL,EQ,531.6,03-Feb-22,182,05-Apr-21
SJS,EQ,551,15-Nov-21,339.5,27-Dec-21
SJVN,EQ,33.75,18-Oct-21,24.5,12-Apr-21
SKFINDIA,EQ,4239.95,15-Dec-21,2051.05,19-Mar-21
SKIPPER,EQ,98.35,22-Jul-21,49.5,12-Apr-21
SKMEGGPROD,EQ,99.5,23-Jun-21,42.15,19-Apr-21
SMARTLINK,EQ,254.35,04-Jan-22,78.1,20-Apr-21
SMCGLOBAL,EQ,104.75,19-Jul-21,65.8,28-May-21
SMLISUZU,EQ,845,11-Nov-21,430,12-Apr-21
SMLT,EQ,144,09-Dec-21,89.9,25-Nov-21
SMSLIFE,EQ,1024.9,28-Oct-21,469.75,25-Mar-21
SMSPHARMA,EQ,198.8,05-Aug-21,81.1,08-Mar-22
SNOWMAN,EQ,59.7,09-Jun-21,31.1,24-Feb-22
SOBHA,EQ,1044.95,19-Jan-22,419.45,05-Apr-21
SOFTTECH,EQ,140.95,25-Feb-22,103.55,08-Mar-22
SOLARA,EQ,1859.95,19-May-21,606,15-Feb-22
SOLARINDS,EQ,2938,24-Nov-21,1200,03-May-21
SOMANYCERA,EQ,970,17-Nov-21,400,25-Mar-21
SOMATEX,BE,13.75,17-Nov-21,4.55,13-Apr-21
SOMICONVEY,EQ,68.25,03-Sep-21,30,09-Mar-21
SONACOMS,EQ,839.9,14-Dec-21,295,24-Jun-21
SONATSOFTW,EQ,1024.9,20-Oct-21,452.6,19-Mar-21
SORILINFRA,EQ,187.75,12-Mar-21,67.55,24-Feb-22
SOTL,EQ,1830,09-Aug-21,932,07-Mar-22
SOUTHBANK,EQ,13.95,22-Jun-21,7.55,19-Apr-21
SOUTHWEST,EQ,249,18-Feb-22,33.85,11-May-21
SPAL,EQ,530.9,03-Feb-22,141.55,22-Apr-21
SPANDANA,EQ,820,04-Jun-21,323,08-Mar-22
SPARC,EQ,349,02-Feb-22,141,31-Mar-21
SPECIALITY,EQ,161.3,21-Feb-22,35.25,05-Apr-21
SPENCERS,EQ,144.3,11-Nov-21,65.7,19-Apr-21
SPENTEX,BZ,4.5,04-Jan-22,0.7,05-May-21
SPIC,EQ,68.45,16-Jul-21,27.05,19-Apr-21
SPICEJET,EQ,87.3,24-Nov-21,53.25,07-Mar-22
SPLIL,EQ,75.5,20-Jan-22,30.2,09-Apr-21
SPMLINFRA,BE,64,10-Feb-22,8.05,22-Apr-21
SPTL,BE,15.3,29-Nov-21,2.95,19-Apr-21
SREEL,EQ,238,11-Jun-21,135.25,29-Apr-21
SREINFRA,EQ,18.35,23-Jun-21,3.7,29-Oct-21
SRF,EQ,2680,14-Jan-22,1026.21,19-Mar-21
SRHHYPOLTD,EQ,459.4,21-Feb-22,228.3,25-Mar-21
SRPL,BE,124.8,02-Mar-22,25.75,30-Mar-21
SRTRANSFIN,EQ,1696.4,09-Nov-21,1002,08-Mar-22
SSWL,EQ,979.2,27-Aug-21,312.5,25-Mar-21
STAR,EQ,947,23-Apr-21,304.2,04-Mar-22
STARCEMENT,EQ,120,16-Aug-21,85.5,08-Mar-22
STARHEALTH,EQ,940,10-Dec-21,583.6,04-Mar-22
STARPAPER,EQ,181.7,07-Jul-21,108.35,19-Apr-21
STCINDIA,EQ,138.8,08-Jun-21,66.75,08-Apr-21
STEELCAS,EQ,341.05,28-Jan-22,238,22-Feb-22
STEELCITY,EQ,98.7,20-Jul-21,32.55,19-Mar-21
STEELXIND,BE,262.6,14-Jan-22,51.05,19-Mar-21
STEL,EQ,216,24-Sep-21,71.5,22-Apr-21
STERTOOLS,EQ,254.05,02-Aug-21,129.95,24-Feb-22
STLTECH,EQ,318,03-Aug-21,170.05,24-Feb-22
STOVEKRAFT,EQ,1133.7,18-Oct-21,406.1,19-Mar-21
STYLAMIND,EQ,1419.9,05-Aug-21,861.1,14-Feb-22
SUBCAPCITY,BE,57.95,09-Mar-22,14.7,23-Apr-21
SUBEXLTD,EQ,74.4,08-Jul-21,33.35,25-Mar-21
SUBROS,EQ,430,25-Oct-21,287.55,22-Apr-21
SUDARSCHEM,EQ,794,02-Jul-21,502.7,19-Mar-21
SUMEETINDS,EQ,14.45,01-Feb-22,2.85,15-Mar-21
SUMICHEM,EQ,459.9,05-Aug-21,268.2,25-Mar-21
SUMIT,EQ,22,20-Jul-21,8,09-Mar-21
SUMMITSEC,EQ,874,01-Feb-22,475,19-Apr-21
SUNCLAYLTD,EQ,5097.7,24-Nov-21,2830.45,22-Apr-21
SUNDARAM,BE,5.8,12-Jan-22,1.1,14-May-21
SUNDARMFIN,EQ,2850,10-Mar-21,1752.6,07-Mar-22
SUNDARMHLD,EQ,94.7,06-Aug-21,58.66,19-Apr-21
SUNDRMBRAK,EQ,489.9,13-Jan-22,308.65,19-Apr-21
SUNDRMFAST,EQ,993.7,07-Oct-21,659,27-Apr-21
SUNFLAG,EQ,96.65,29-Jul-21,56.6,25-Mar-21
SUNPHARMA,EQ,902.85,04-Feb-22,562.1,19-Mar-21
SUNTECK,EQ,589.9,18-Jan-22,250,07-May-21
SUNTV,EQ,612,08-Nov-21,425,07-Mar-22
SUPERHOUSE,EQ,245.8,14-Jan-22,110.3,19-Apr-21
SUPERSPIN,BE,19.95,21-Jan-22,4.05,05-Apr-21
SUPPETRO,EQ,818.75,18-Oct-21,392,25-Mar-21
SUPRAJIT,EQ,474.9,16-Nov-21,241.6,07-May-21
SUPREMEENG,EQ,42.9,04-Jun-21,2.25,09-Mar-22
SUPREMEIND,EQ,2693.9,19-Oct-21,1872.6,14-Feb-22
SUPREMEINF,BE,33.1,12-Jan-22,13.1,15-Mar-21
SUPRIYA,EQ,601.9,18-Jan-22,376.75,22-Feb-22
SURANASOL,BE,43.2,12-Jan-22,8.2,30-Apr-21
SURANAT&P,BE,17.95,19-Jan-22,3.85,19-Apr-21
SURYALAXMI,EQ,98.8,07-Feb-22,28.55,23-Apr-21
SURYAROSNI,EQ,867.4,04-Oct-21,336.1,25-Mar-21
SURYODAY,EQ,296.35,26-Mar-21,101.8,22-Feb-22
SUTLEJTEX,EQ,104.95,11-Jan-22,36.75,22-Apr-21
SUULD,EQ,736.85,06-Jul-21,174.75,25-Mar-21
SUVEN,EQ,124.45,08-Oct-21,69.65,25-Mar-21
SUVENPHAR,EQ,590,06-Aug-21,425.7,24-Feb-22
SUVIDHAA,EQ,115.5,31-Mar-21,9.2,25-Feb-22
SUZLON,EQ,13.1,18-Jan-22,4.4,19-Apr-21
SVPGLOB,EQ,164.85,14-Sep-21,47.75,08-Mar-22
SWANENERGY,EQ,188,12-Jan-22,113.7,29-Nov-21
SWARAJENG,EQ,2000,28-Jun-21,1280,25-Mar-21
SWELECTES,BE,346.5,16-Feb-22,178.25,19-Mar-21
SWSOLAR,EQ,509.1,11-Oct-21,220.05,01-Jun-21
SYMPHONY,EQ,1371.1,09-Mar-21,890,11-Aug-21
SYNGENE,EQ,700,16-Jul-21,490.5,19-Mar-21
TAINWALCHM,EQ,125.25,26-Jul-21,54.5,19-Apr-21
TAJGVK,EQ,161.55,19-Oct-21,102,20-Apr-21
TAKE,EQ,74.6,09-Jun-21,25.05,07-Mar-22
TALBROAUTO,EQ,658,17-Jan-22,190.45,23-Apr-21
TANLA,EQ,2096.75,17-Jan-22,735,18-Jun-21
TANTIACONS,BZ,34.05,29-Dec-21,1.7,12-Mar-21
TARAPUR,BE,7.8,19-Jan-22,3,03-May-21
TARC,EQ,60.75,12-Jan-22,25.2,19-Apr-21
TARMAT,EQ,98.2,22-Jul-21,42.15,30-Mar-21
TARSONS,EQ,924.9,29-Nov-21,538.7,28-Feb-22
TASTYBITE,EQ,21487,08-Jul-21,10510.5,08-Mar-22
TATACHEM,EQ,1158,18-Oct-21,670.55,06-May-21
TATACOFFEE,EQ,254.4,19-Oct-21,112.7,19-Mar-21
TATACOMM,EQ,1591.95,17-Jan-22,1037.05,26-May-21
TATACONSUM,EQ,889,07-Sep-21,577.05,19-Mar-21
TATAELXSI,EQ,7964.4,01-Feb-22,2580.75,25-Mar-21
TATAINVEST,EQ,1733.9,14-Oct-21,980,20-Apr-21
TATAMETALI,EQ,1373.7,04-May-21,694,25-Mar-21
TATAMOTORS,EQ,536.7,17-Nov-21,268.45,24-Aug-21
TATAMTRDVR,EQ,298.65,17-Nov-21,119.15,19-Mar-21
TATAPOWER,EQ,267.85,19-Oct-21,89.9,12-Apr-21
TATASTEEL,EQ,1534.5,16-Aug-21,681.25,19-Mar-21
TATASTLLP,EQ,1173,16-Jul-21,625,24-Feb-22
TATVA,EQ,2977.8,03-Nov-21,2001,11-Aug-21
TBZ,EQ,104.4,28-Oct-21,58.2,22-Apr-21
TCI,EQ,858.6,17-Jan-22,240,18-Mar-21
TCIDEVELOP,EQ,549,02-Jun-21,281.2,16-Mar-21
TCIEXP,EQ,2572,23-Dec-21,811.05,22-Apr-21
TCIFINANCE,BE,11.1,24-Jan-22,4.45,31-Aug-21
TCNSBRANDS,EQ,932,17-Nov-21,437.35,22-Apr-21
TCPLPACK,EQ,837,21-Feb-22,360,30-Mar-21
TCS,EQ,4043,17-Jan-22,2987.05,18-Mar-21
TDPOWERSYS,EQ,492.45,20-Jan-22,121,19-Apr-21
TEAMLEASE,EQ,5550,11-Oct-21,2764.65,19-Apr-21
TECH,EQ,43.75,07-Jan-22,32.5,25-Feb-22
TECHIN,BE,12.65,25-Feb-22,2.5,26-Apr-21
TECHM,EQ,1838,30-Dec-21,937,26-Apr-21
TECHNOE,EQ,362.8,30-Jul-21,222,20-Dec-21
TEGA,EQ,767.7,13-Dec-21,397,24-Feb-22
TEJASNET,EQ,570.5,05-Oct-21,156.5,31-Mar-21
TEMBO,EQ,334.55,06-Oct-21,116.5,23-Apr-21
TERASOFT,EQ,85,20-Jul-21,33.05,20-Apr-21
TEXINFRA,EQ,77.4,17-Mar-21,52.35,13-Oct-21
TEXMOPIPES,EQ,100.9,18-Jan-22,23.15,19-Apr-21
TEXRAIL,EQ,49.9,07-Feb-22,21.91,22-Apr-21
TFCILTD,EQ,83.35,12-Jul-21,51.3,24-Feb-22
TFL,EQ,14.1,18-Jan-22,2.2,26-Apr-21
TGBHOTELS,EQ,12.8,12-Oct-21,4.15,15-Apr-21
THANGAMAYL,EQ,1517.05,26-Nov-21,573.55,19-Mar-21
THEINVEST,EQ,141.15,17-Aug-21,83,23-Apr-21
THEMISMED,EQ,1197,25-Aug-21,276,19-Mar-21
THERMAX,EQ,2174.8,02-Feb-22,1270,06-Apr-21
THOMASCOOK,EQ,85.5,13-Oct-21,41.75,22-Apr-21
THOMASCOTT,BE,56.85,23-Dec-21,6.1,18-May-21
THYROCARE,EQ,1465,25-Jun-21,792.4,08-Mar-22
TI,EQ,102.9,04-Jan-22,27.9,18-Mar-21
TIDEWATER,EQ,3688.74,13-Jul-21,856.22,05-May-21
TIIL,EQ,994,10-Nov-21,346.05,18-Mar-21
TIINDIA,EQ,2025,05-Jan-22,1050,19-Apr-21
TIJARIA,BE,12.1,11-Jan-22,5.45,14-Sep-21
TIL,EQ,243.5,12-May-21,104.05,24-Feb-22
TIMESGTY,EQ,93.4,18-Feb-22,21,15-Apr-21
TIMETECHNO,EQ,94.5,30-Jun-21,52.3,19-Mar-21
TIMKEN,EQ,2156.7,02-Dec-21,1206,19-Mar-21
TINPLATE,EQ,395.7,27-Jan-22,146.1,25-Mar-21
TIPSINDLTD,BE,2628.75,18-Jan-22,450,10-Mar-21
TIRUMALCHM,EQ,335.75,05-Oct-21,81.2,12-Mar-21
TIRUPATIFL,EQ,17.05,18-Oct-21,2.71,05-May-21
TITAN,EQ,2687.25,07-Jan-22,1400.05,04-May-21
TMRVL,EQ,25.6,17-Jun-21,10.3,22-Apr-21
TNPETRO,EQ,150.75,09-Aug-21,46.05,25-Mar-21
TNPL,EQ,182.9,23-Jun-21,112.35,25-Jan-22
TNTELE,BE,21.05,05-Aug-21,4,23-Apr-21
TOKYOPLAST,EQ,130.95,06-Jan-22,66.25,19-Mar-21
TORNTPHARM,EQ,3298.5,31-Dec-21,2311.1,19-Mar-21
TORNTPOWER,EQ,606.55,15-Dec-21,375.5,20-Apr-21
TOTAL,BE,106.5,16-Dec-21,38.55,21-Jun-21
TOUCHWOOD,EQ,148.45,09-Aug-21,71.5,14-May-21
TPLPLASTEH,EQ,228.7,17-Sep-21,70.08,19-Mar-21
TREEHOUSE,BE,13.75,07-Jul-21,6.3,19-Mar-21
TREJHARA,EQ,127.45,18-Jan-22,28.5,31-Mar-21
TRENT,EQ,1212,19-Jan-22,689,12-Apr-21
TRF,EQ,172.4,14-Oct-21,80.3,30-Mar-21
TRIDENT,BE,70.35,18-Jan-22,13.1,19-Apr-21
TRIGYN,EQ,218.5,10-Jan-22,61.3,31-Mar-21
TRIL,EQ,46.6,07-Feb-22,15.5,30-Mar-21
TRITURBINE,EQ,231.7,27-Jan-22,96,12-Apr-21
TRIVENI,EQ,300.4,07-Feb-22,80,19-Mar-21
TTKHLTCARE,EQ,873.5,09-Mar-22,457.9,25-Mar-21
TTKPRESTIG,EQ,1264.65,14-Dec-21,681.5,17-May-21
TTL,EQ,137,12-Jan-22,41.2,19-Apr-21
TTML,BE,290.15,11-Jan-22,10.45,22-Apr-21
TV18BRDCST,EQ,76.9,10-Feb-22,26.25,12-Apr-21
TVSELECT,EQ,283.95,09-Feb-22,118,22-Apr-21
TVSMOTOR,EQ,813.95,09-Nov-21,495,24-Aug-21
TVSSRICHAK,EQ,2590,18-Oct-21,1644.05,19-Apr-21
TVTODAY,EQ,460.1,14-Dec-21,249.3,19-Mar-21
TVVISION,BE,4.05,03-Jan-22,1.6,12-Mar-21
TWL,EQ,124,21-Jan-22,44.3,31-Mar-21
UBL,EQ,1785.8,09-Nov-21,1051.4,12-Apr-21
UCALFUEL,EQ,206.5,29-Jun-21,109,07-Mar-22
UCOBANK,EQ,15.9,30-Jun-21,10.75,22-Apr-21
UDAICEMENT,EQ,41.8,07-Jan-22,25.4,22-Feb-22
UFLEX,EQ,658,11-Oct-21,352.8,13-Apr-21
UFO,EQ,125.4,09-Nov-21,68.4,12-Apr-21
UGARSUGAR,EQ,56.75,09-Mar-22,16,19-Mar-21
UGROCAP,EQ,230.35,17-Jan-22,108.55,11-Aug-21
UJAAS,BE,8.25,21-Jan-22,2.3,20-Apr-21
UJJIVAN,EQ,261.7,13-Jul-21,97.6,24-Feb-22
UJJIVANSFB,EQ,35.9,09-Mar-21,14.05,24-Feb-22
ULTRACEMCO,EQ,8269,08-Nov-21,5629.2,08-Mar-22
UMANGDAIRY,EQ,100,04-Aug-21,48.85,20-Apr-21
UMESLTD,BE,7.6,03-Jan-22,2.7,09-Mar-22
UNICHEMLAB,EQ,375,21-May-21,198,23-Nov-21
UNIDT,EQ,604.85,17-Jan-22,242.25,09-Mar-21
UNIENTER,EQ,157.9,29-Dec-21,72.25,12-Apr-21
UNIINFO,EQ,42.9,12-Jan-22,27,25-Feb-22
UNIONBANK,EQ,54.8,09-Nov-21,32.1,22-Apr-21
UNITECH,BZ,3.95,12-Jan-22,1.3,26-Apr-21
UNITEDPOLY,EQ,59.6,09-Mar-22,17.35,31-Dec-21
UNITEDTEA,EQ,499.9,28-Jul-21,280.4,22-Apr-21
UNIVASTU,EQ,121.75,23-Feb-22,30.2,19-Mar-21
UNIVCABLES,EQ,217.7,31-May-21,128.65,19-Apr-21
UNIVPHOTO,EQ,988,11-Feb-22,156.5,31-Mar-21
UPL,EQ,864.7,08-Jun-21,581,26-Mar-21
URJA,BE,33.4,14-Jan-22,5.1,20-Apr-21
USHAMART,EQ,102.55,09-Nov-21,30.4,19-Mar-21
UTIAMC,EQ,1216.2,08-Sep-21,538,12-Apr-21
UTIBANKETF,EQ,45,20-Sep-21,26.4,09-Apr-21
UTINEXT50,EQ,49.5,20-Aug-21,33,13-Apr-21
UTINIFTETF,EQ,2240,28-Sep-21,1412,12-Apr-21
UTISENSETF,EQ,737.55,22-Nov-21,487.5,29-Dec-21
UTISXN50,EQ,59,18-Oct-21,37.1,30-Mar-21
UTTAMSTL,BE,9.8,11-May-21,3.7,09-Jul-21
UTTAMSUGAR,EQ,308.35,30-Jun-21,87.4,18-Mar-21
V2RETAIL,EQ,205.8,10-Nov-21,99.45,20-Apr-21
VADILALIND,EQ,1464.1,28-Feb-22,823.8,25-Jan-22
VAIBHAVGBL,EQ,1050,10-May-21,377,24-Feb-22
VAISHALI,EQ,63.5,03-Mar-22,28.95,07-Dec-21
VAKRANGEE,EQ,66.8,09-Apr-21,29.15,11-Aug-21
VALIANTORG,EQ,1848,14-May-21,791,24-Feb-22
VARDHACRLC,EQ,84.2,04-Aug-21,33.75,19-Apr-21
VARDMNPOLY,EQ,36.55,28-Jul-21,14.65,20-Apr-21
VARROC,EQ,458,14-Jan-22,260,14-Sep-21
VASCONEQ,EQ,36.75,12-Jan-22,15.4,10-May-21
VASWANI,EQ,38.5,20-Jan-22,8.6,23-Apr-21
VBL,EQ,1016,08-Nov-21,582.3,23-Apr-21
VEDL,EQ,401,03-Mar-22,209.75,12-Apr-21
VENKEYS,EQ,3955,23-Jun-21,1505,19-Mar-21
VENUSREM,EQ,639,09-Aug-21,225.25,09-Mar-21
VERTOZ,EQ,318,09-Mar-21,79.6,30-Nov-21
VESUVIUS,EQ,1364,30-Jul-21,900,07-Mar-22
VETO,EQ,172,13-Jul-21,78.3,24-Feb-22
VGUARD,EQ,285,31-May-21,181,24-Feb-22
VHL,EQ,4680,12-Jan-22,1600,15-Apr-21
VICEROY,BZ,6.9,13-Jan-22,1.85,27-Apr-21
VIDHIING,EQ,444.4,17-Jan-22,135,09-Mar-21
VIJAYA,EQ,672,16-Sep-21,373.8,24-Feb-22
VIJIFIN,BE,6.9,04-Jan-22,0.55,23-Apr-21
VIKASECO,BE,6.9,31-Jan-22,1.15,22-Apr-21
VIKASLIFE,BE,7.95,21-Jan-22,2.35,23-Apr-21
VIKASPROP,BE,3.3,16-Jun-21,1.5,02-Dec-21
VIKASWSP,BE,8.05,17-Jun-21,2.95,18-Nov-21
VIMTALABS,EQ,452.6,15-Dec-21,145,19-Mar-21
VINATIORGA,EQ,2184,08-Oct-21,1313.7,19-Mar-21
VINDHYATEL,EQ,1499,06-Jul-21,765.7,23-Apr-21
VINEETLAB,EQ,124,12-Jul-21,44,15-Jun-21
VINYLINDIA,EQ,331,05-Oct-21,111.55,19-Mar-21
VIPCLOTHNG,BE,31.4,21-Jan-22,11.6,22-Apr-21
VIPIND,EQ,696,07-Feb-22,304.6,19-Apr-21
VIPULLTD,EQ,41.95,26-Jul-21,16.7,02-Mar-22
VISAKAIND,EQ,873.25,02-Aug-21,459.35,05-Apr-21
VISASTEEL,EQ,21.45,12-Jan-22,5.95,19-Apr-21
VISESHINFO,BE,1.75,01-Feb-22,0.05,31-May-21
VISHAL,EQ,147.75,17-Jan-22,41.3,17-May-21
VISHNU,BE,1381,21-Feb-22,189,15-Mar-21
VISHWARAJ,EQ,45.8,22-Oct-21,19.4,24-Feb-22
VIVIDHA,BE,3.15,24-Jan-22,0.65,14-May-21
VIVIMEDLAB,EQ,41.5,28-Apr-21,15.8,24-Feb-22
VLSFINANCE,EQ,264.9,27-Jul-21,71.1,30-Mar-21
VMART,EQ,4848.8,11-Nov-21,2493,22-Apr-21
VOLTAMP,EQ,2255.25,06-Dec-21,984.35,26-Mar-21
VOLTAS,EQ,1356.9,19-Oct-21,918,19-Apr-21
VRLLOG,EQ,591.9,07-Feb-22,210,22-Apr-21
VSSL,EQ,309,06-Aug-21,134.05,06-Apr-21
VSTIND,EQ,3895,18-Oct-21,2794,08-Mar-22
VSTTILLERS,EQ,3453.55,13-Oct-21,1647.85,25-Mar-21
VTL,EQ,2880,21-Jan-22,1120,23-Apr-21
WABAG,EQ,404,03-Aug-21,228.35,25-Mar-21
WABCOINDIA,EQ,8780.05,06-Jan-22,5500,25-Mar-21
WALCHANNAG,EQ,92,16-Jun-21,39.45,02-Dec-21
WANBURY,BE,114,29-Apr-21,63.3,29-Oct-21
WATERBASE,EQ,145.8,05-Jul-21,81.5,24-Feb-22
WEALTH,BE,285.9,03-Feb-22,110.5,28-Apr-21
WEBELSOLAR,EQ,172.55,04-Jan-22,38.7,09-Mar-21
WEIZMANIND,EQ,93.95,11-Feb-22,37.15,19-Apr-21
WELCORP,EQ,197.3,18-Jan-22,105.85,23-Aug-21
WELENT,EQ,131,08-Jun-21,75.6,24-Feb-22
WELINV,EQ,584,29-Jun-21,253.15,24-Feb-22
WELSPUNIND,EQ,170.7,12-Oct-21,71.2,09-Mar-21
WENDT,EQ,5690,15-Dec-21,3054.55,19-Apr-21
WESTLIFE,EQ,629,14-Oct-21,385.1,15-Apr-21
WFL,BE,230.45,04-Feb-22,122.45,17-Jan-22
WHEELS,EQ,1037,27-Jul-21,404.9,19-Apr-21
WHIRLPOOL,EQ,2550,12-Oct-21,1560.05,09-Mar-22
WILLAMAGOR,EQ,39.8,12-Nov-21,15.95,30-Mar-21
WINDLAS,EQ,452,16-Aug-21,230,07-Mar-22
WINDMACHIN,EQ,51.8,20-Jan-22,23.2,10-Mar-21
WINPRO,EQ,13,21-Jun-21,5,17-May-21
WIPL,BE,73.5,09-Jun-21,47.6,23-Dec-21
WIPRO,EQ,739.85,14-Oct-21,397.75,25-Mar-21
WOCKPHARMA,EQ,804.9,26-May-21,304.6,08-Mar-22
WONDERLA,EQ,270,06-Jul-21,162,22-Apr-21
WORTH,EQ,132.5,24-Jan-22,45.55,26-Apr-21
WSTCSTPAPR,EQ,295.8,06-Oct-21,185.05,20-Apr-21
XCHANGING,EQ,141,22-Jul-21,60.05,20-Apr-21
XELPMOC,EQ,513,13-Jul-21,251.65,31-Mar-21
XPROINDIA,BE,1254.9,12-Jan-22,49.85,22-Mar-21
YAARI,EQ,167.75,12-Mar-21,53.3,22-Feb-22
YESBANK,EQ,16.85,30-Mar-21,10.5,23-Aug-21
YUKEN,EQ,685,18-Oct-21,481.55,24-Feb-22
ZEEL,EQ,378.7,15-Dec-21,166.8,23-Aug-21
ZEELEARN,EQ,20.6,07-Jan-22,9.75,12-Apr-21
ZEEMEDIA,EQ,20.3,11-Feb-22,5.8,19-Apr-21
ZENITHEXPO,EQ,116.3,24-May-21,58.5,08-Apr-21
ZENSARTECH,EQ,587,16-Sep-21,254.7,30-Apr-21
ZENTEC,EQ,257.75,15-Dec-21,66.8,19-Apr-21
ZODIAC,BE,174.8,02-Feb-22,32.1,14-Dec-21
ZODIACLOTH,EQ,154.05,14-Jul-21,86,22-Apr-21
ZOMATO,EQ,169,16-Nov-21,75.75,15-Feb-22
ZOTA,EQ,448,16-Dec-21,137.25,31-Mar-21
ZUARI,EQ,158.9,14-Jul-21,82.1,12-Apr-21
ZUARIGLOB,EQ,188,11-Feb-22,75,26-Mar-21
ZYDUSLIFE,EQ,363,09-Mar-22,331.55,07-Mar-22
ZYDUSWELL,EQ,2476.85,21-Sep-21,1430,15-Feb-22